Age,Fare,IsTrain,PassengerId,Pclass,Survived,IsAlone,Deck,Embarked_Q,Embarked_S,Sex_male,Title_Miss,Title_Mr,Title_Mrs,Title_Others,AgeGroup_1.0,AgeGroup_2.0,AgeGroup_3.0,AgeGroup_4.0
22,0.0141510575622,1,1,1,0,0,0,0,1,1,0,1,0,0,1,0,0,0
38,0.139135735383,1,2,0,1,0,0.714285714286,0,0,0,0,0,1,0,0,1,0,0
26,0.015468569818,1,3,1,1,1,0,0,1,0,1,0,0,0,1,0,0,0
35,0.103644297456,1,4,0,1,0,0.714285714286,0,1,0,0,0,1,0,0,1,0,0
35,0.0157125535691,1,5,1,0,1,0,0,1,1,0,1,0,0,0,1,0,0
24,0.0165095020936,1,6,1,0,1,0,1,0,1,0,1,0,0,1,0,0,0
54,0.10122885832,1,7,0,0,1,0.428571428571,0,1,1,0,1,0,0,0,0,1,0
2,0.0411356604308,1,8,1,0,0,0,0,1,1,0,0,0,0,0,0,0,0
27,0.0217307543665,1,9,1,1,0,0,0,1,0,0,0,1,0,1,0,0,0
14,0.058694292654,1,10,0.5,1,0,0,0,0,0,0,0,1,0,0,0,0,0
4,0.0325962291433,1,11,1,1,0,0.142857142857,0,1,0,1,0,0,0,0,0,0,0
58,0.0518221487278,1,12,0,1,1,0.714285714286,0,1,0,1,0,0,0,0,0,1,0
20,0.0157125535691,1,13,1,0,1,0,0,1,1,0,1,0,0,1,0,0,0
39,0.0610447345184,1,14,1,0,0,0,0,1,1,0,1,0,0,0,1,0,0
14,0.0153303774214,1,15,1,0,1,0,0,1,0,1,0,0,0,0,0,0,0
55,0.0312299201373,1,16,0.5,1,1,0,0,1,0,0,0,1,0,0,0,1,0
2,0.0568482139999,1,17,1,0,0,0,1,0,1,0,0,0,0,0,0,0,0
29,0.0253743101115,1,18,0.5,1,1,0,0,1,1,0,1,0,0,1,0,0,0
31,0.0351336601544,1,19,1,0,0,0,0,1,0,0,0,1,0,0,1,0,0
24,0.014102260812,1,20,1,1,1,0,0,0,0,0,0,1,0,1,0,0,0
35,0.0507486202231,1,21,0.5,0,1,0,0,1,1,0,1,0,0,0,1,0,0
34,0.0253743101115,1,22,0.5,1,1,0.571428571429,0,1,1,0,1,0,0,0,1,0,0
15,0.0156719546729,1,23,1,1,1,0,1,0,0,1,0,0,0,0,0,0,0
28,0.0692913853046,1,24,0,1,1,1,0,1,1,0,1,0,0,1,0,0,0
8,0.0411356604308,1,25,1,0,0,0,0,1,0,1,0,0,0,0,0,0,0
38,0.0612643198943,1,26,1,1,0,0,0,1,0,0,0,1,0,0,1,0,0
24,0.014102260812,1,27,1,0,1,0,0,0,1,0,1,0,0,1,0,0,0
19,0.513341812257,1,28,0,0,0,0.714285714286,0,1,1,0,1,0,0,0,0,0,0
24,0.0153791741716,1,29,1,1,1,0,1,0,0,1,0,0,0,1,0,0,0
24,0.0154115752137,1,30,1,0,1,0,0,1,1,0,1,0,0,1,0,0,0
40,0.0541073981339,1,31,0,0,1,0,0,0,1,0,0,0,1,0,1,0,0
37,0.285989555153,1,32,0,1,0,0.857142857143,0,0,0,0,0,1,0,0,1,0,0
24,0.0151269925665,1,33,1,1,1,0,1,0,0,1,0,0,0,1,0,0,0
66,0.0204946350901,1,34,0.5,0,1,0,0,1,1,0,1,0,0,0,0,0,1
28,0.160386720101,1,35,0,0,0,0,0,0,1,0,1,0,0,1,0,0,0
42,0.101497240446,1,36,0,0,0,0,0,1,1,0,1,0,0,0,1,0,0
24,0.014110458666,1,37,1,1,1,0,0,0,1,0,1,0,0,1,0,0,0
21,0.0157125535691,1,38,1,0,1,0,0,1,1,0,1,0,0,1,0,0,0
18,0.0351336601544,1,39,1,0,0,0,0,1,0,1,0,0,0,0,0,0,0
14,0.0219423370755,1,40,1,1,0,0,0,0,0,1,0,0,0,0,0,0,0
40,0.0184939683313,1,41,1,0,0,0,0,1,0,0,0,1,0,0,1,0,0
27,0.0409892701802,1,42,0.5,0,0,0,0,1,0,0,0,1,0,1,0,0,0
24,0.0154115752137,1,43,1,0,1,0,0,0,1,0,1,0,0,1,0,0,0
3,0.0811571934608,1,44,0.5,1,0,0,0,0,0,1,0,0,0,0,0,0,0
19,0.0153791741716,1,45,1,1,1,0,1,0,0,1,0,0,0,0,0,0,0
24,0.0157125535691,1,46,1,0,1,0,0,1,1,0,1,0,0,1,0,0,0
24,0.030253985133,1,47,1,0,0,0,1,0,1,0,1,0,0,1,0,0,0
24,0.0151269925665,1,48,1,1,1,0,1,0,0,1,0,0,0,1,0,0,0
24,0.04231498029,1,49,1,0,0,0,0,0,1,0,1,0,0,1,0,0,0
18,0.0347432861527,1,50,1,0,0,0,0,1,0,0,0,1,0,0,0,0,0
7,0.0774648409655,1,51,1,0,0,0,0,1,1,0,0,0,0,0,0,0,0
21,0.0152245860669,1,52,1,0,1,0,0,1,1,0,1,0,0,1,0,0,0
49,0.149765424262,1,53,0,1,0,0.571428571429,0,0,0,0,0,1,0,0,0,1,0
29,0.0507486202231,1,54,0.5,1,0,0,0,1,0,0,0,1,0,1,0,0,0
65,0.120975341636,1,55,0,0,0,0.857142857143,0,0,1,0,1,0,0,0,0,0,1
37,0.0692913853046,1,56,0,1,1,0.714285714286,0,1,1,0,1,0,0,0,1,0,0
21,0.0204946350901,1,57,0.5,1,1,0,0,1,0,1,0,0,0,1,0,0,0
28.5,0.014110458666,1,58,1,0,1,0,0,0,1,0,1,0,0,1,0,0,0
5,0.0541643927381,1,59,0.5,1,0,0,0,1,0,1,0,0,0,0,0,0,0
11,0.0915427034024,1,60,1,0,0,0,0,1,1,0,0,0,0,0,0,0,0
22,0.014110458666,1,61,1,0,1,0,0,0,1,0,1,0,0,1,0,0,0
38,0.156149600686,1,62,0,1,1,0.857142857143,0,1,0,1,0,0,0,0,1,0,0
45,0.162932348966,1,63,0,0,0,0.714285714286,0,1,1,0,1,0,0,0,1,0,0
4,0.0544571732394,1,64,1,0,0,0,0,1,1,0,0,0,0,0,0,0,0
37,0.0541073981339,1,65,0,0,1,0,0,0,1,0,1,0,0,0,1,0,0
24,0.0297578197768,1,66,1,1,0,0,0,0,1,0,0,0,0,1,0,0,0
29,0.0204946350901,1,67,0.5,1,1,0.285714285714,0,1,0,0,0,1,0,1,0,0,0
19,0.015923941091,1,68,1,0,1,0,0,1,1,0,1,0,0,0,0,0,0
17,0.015468569818,1,69,1,1,0,0,0,1,0,1,0,0,0,0,0,0,0
26,0.0169080739493,1,70,1,0,0,0,0,1,1,0,1,0,0,1,0,0,0
32,0.0204946350901,1,71,0.5,0,1,0,0,1,1,0,1,0,0,0,1,0,0
16,0.0915427034024,1,72,1,0,0,0,0,1,0,1,0,0,0,0,0,0,0
21,0.143462445631,1,73,0.5,0,1,0,0,1,1,0,1,0,0,1,0,0,0
26,0.028212719478,1,74,1,0,0,0,0,0,1,0,1,0,0,1,0,0,0
32,0.110272457631,1,75,1,1,1,0,0,1,1,0,1,0,0,0,1,0,0
25,0.0149318055656,1,76,1,0,1,0.285714285714,0,1,1,0,1,0,0,1,0,0,0
24,0.0154115752137,1,77,1,0,1,0,0,1,1,0,1,0,0,1,0,0,0
24,0.0157125535691,1,78,1,0,1,0,0,1,1,0,1,0,0,1,0,0,0
0.83,0.0566042302488,1,79,0.5,1,0,0,0,1,1,0,0,0,0,0,0,0,0
30,0.024349578357,1,80,1,1,1,0,0,1,0,1,0,0,0,1,0,0,0
22,0.0175668300772,1,81,1,0,1,0,0,1,1,0,1,0,0,1,0,0,0
29,0.0185427650815,1,82,1,1,1,0,0,1,1,0,1,0,0,1,0,0,0
24,0.0152001876918,1,83,1,1,1,0,1,0,0,1,0,0,0,1,0,0,0
28,0.0919330774041,1,84,0,0,1,0,0,1,1,0,1,0,0,1,0,0,0
17,0.0204946350901,1,85,0.5,1,1,0,0,1,0,1,0,0,0,0,0,0,0
33,0.030937139636,1,86,1,1,0,0,0,1,0,0,0,1,0,0,1,0,0
16,0.067095531545,1,87,1,0,0,0,0,1,1,0,1,0,0,0,0,0,0
24,0.0157125535691,1,88,1,0,1,0,0,1,1,0,1,0,0,1,0,0,0
23,0.513341812257,1,89,0,1,0,0.714285714286,0,1,0,1,0,0,0,1,0,0,0
24,0.0157125535691,1,90,1,0,1,0,0,1,1,0,1,0,0,1,0,0,0
29,0.0157125535691,1,91,1,0,1,0,0,1,1,0,1,0,0,1,0,0,0
20,0.0153303774214,1,92,1,0,1,0,0,1,1,0,1,0,0,1,0,0,0
46,0.119405647775,1,93,0,0,0,0.428571428571,0,1,1,0,1,0,0,0,0,1,0
26,0.0401597254265,1,94,1,0,0,0,0,1,1,0,1,0,0,1,0,0,0
59,0.0141510575622,1,95,1,0,1,0,0,1,1,0,1,0,0,0,0,1,0
24,0.0157125535691,1,96,1,0,1,0,0,1,1,0,1,0,0,1,0,0,0
71,0.0676404936513,1,97,0,0,1,1,0,0,1,0,1,0,0,0,0,0,1
23,0.123667165565,1,98,0,1,0,0.571428571429,0,0,1,0,1,0,0,1,0,0,0
34,0.0448930101973,1,99,0.5,1,0,0,0,1,0,0,0,1,0,0,1,0,0
34,0.0507486202231,1,100,0.5,0,0,0,0,1,1,0,1,0,0,0,1,0,0
28,0.0154115752137,1,101,1,0,1,0,0,1,0,1,0,0,0,1,0,0,0
24,0.0154115752137,1,102,1,0,1,0,0,1,1,0,1,0,0,1,0,0,0
21,0.150855153288,1,103,0,0,0,0.571428571429,0,1,1,0,1,0,0,1,0,0,0
33,0.0168918734283,1,104,1,0,1,0,0,1,1,0,1,0,0,0,1,0,0
37,0.015468569818,1,105,1,0,0,0,0,1,1,0,1,0,0,0,1,0,0
28,0.0154115752137,1,106,1,0,1,0,0,1,1,0,1,0,0,1,0,0,0
21,0.0149318055656,1,107,1,1,1,0,0,1,0,1,0,0,0,1,0,0,0
24,0.0151757893167,1,108,1,1,1,0,0,1,1,0,1,0,0,1,0,0,0
38,0.0154115752137,1,109,1,0,1,0,0,1,1,0,1,0,0,0,1,0,0
24,0.0471376607072,1,110,1,1,0,0,1,0,0,1,0,0,0,1,0,0,0
47,0.101497240446,1,111,0,0,1,0.714285714286,0,1,1,0,1,0,0,0,0,1,0
14.5,0.028212719478,1,112,1,0,0,0,0,0,0,1,0,0,0,0,0,0,0
22,0.0157125535691,1,113,1,0,1,0,0,1,1,0,1,0,0,1,0,0,0
20,0.0191771228343,1,114,1,0,0,0,0,1,0,1,0,0,0,1,0,0,0
17,0.0282207221451,1,115,1,0,1,0,0,0,0,1,0,0,0,0,0,0,0
21,0.015468569818,1,116,1,0,1,0,0,1,1,0,1,0,0,1,0,0,0
70.5,0.0151269925665,1,117,1,0,1,0,1,0,1,0,1,0,0,0,0,0,1
29,0.0409892701802,1,118,0.5,0,0,0,0,1,1,0,1,0,0,1,0,0,0
24,0.48312842602,1,119,0,0,0,0.857142857143,0,0,1,0,1,0,0,1,0,0,0
2,0.0610447345184,1,120,1,0,0,0,0,1,0,1,0,0,0,0,0,0,0
21,0.143462445631,1,121,0.5,0,0,0,0,1,1,0,1,0,0,1,0,0,0
24,0.0157125535691,1,122,1,0,1,0,0,1,1,0,1,0,0,1,0,0,0
32.5,0.058694292654,1,123,0.5,0,0,0,0,0,1,0,1,0,0,0,1,0,0
32.5,0.0253743101115,1,124,0.5,1,1,0.428571428571,0,1,0,1,0,0,0,0,1,0,0
54,0.150855153288,1,125,0,0,0,0.571428571429,0,1,1,0,1,0,0,0,0,1,0
12,0.0219423370755,1,126,1,1,0,0,0,0,1,0,0,0,0,0,0,0,0
24,0.0151269925665,1,127,1,0,1,0,1,0,1,0,1,0,0,1,0,0,0
24,0.0139396700403,1,128,1,1,1,0,0,1,1,0,1,0,0,1,0,0,0
24,0.0436404952128,1,129,1,1,0,0.428571428571,0,0,0,1,0,0,0,1,0,0,0
45,0.0136142933098,1,130,1,0,1,0,0,1,1,0,1,0,0,0,1,0,0
33,0.0154115752137,1,131,1,0,1,0,0,0,1,0,1,0,0,0,1,0,0
20,0.0137606835605,1,132,1,0,1,0,0,1,1,0,1,0,0,1,0,0,0
47,0.0283021151244,1,133,1,0,0,0,0,1,0,0,0,1,0,0,0,1,0
29,0.0507486202231,1,134,0.5,1,0,0,0,1,0,0,0,1,0,1,0,0,0
25,0.0253743101115,1,135,0.5,0,1,0,0,1,1,0,1,0,0,1,0,0,0
23,0.0293674457751,1,136,0.5,0,1,0,0,0,1,0,1,0,0,1,0,0,0
19,0.0513015849965,1,137,0,1,0,0.571428571429,0,1,0,1,0,0,0,0,0,0,0
37,0.103644297456,1,138,0,0,0,0.714285714286,0,1,1,0,1,0,0,0,1,0,0
16,0.0179898003081,1,139,1,0,1,0,0,1,1,0,1,0,0,0,0,0,0
24,0.15458810468,1,140,0,0,1,0.857142857143,0,0,1,0,1,0,0,1,0,0,0
24,0.0297578197768,1,141,1,0,0,0,0,0,0,0,0,1,0,1,0,0,0
22,0.0151269925665,1,142,1,1,1,0,0,1,0,1,0,0,0,1,0,0,0
24,0.030937139636,1,143,1,1,0,0,0,1,0,0,0,1,0,1,0,0,0
19,0.0131751225579,1,144,1,0,1,0,1,0,1,0,1,0,0,0,0,0,0
18,0.0224465050987,1,145,0.5,0,1,0,0,1,1,0,1,0,0,0,0,0,0
19,0.0717312228153,1,146,0.5,0,0,0,0,1,1,0,1,0,0,0,0,0,0
27,0.0152163882129,1,147,1,1,1,0,0,1,1,0,1,0,0,1,0,0,0
9,0.067095531545,1,148,1,0,0,0,0,1,0,1,0,0,0,0,0,0,0
36.5,0.0507486202231,1,149,0.5,0,0,0.285714285714,0,1,1,0,1,0,0,0,1,0,0
42,0.0253743101115,1,150,0.5,0,1,0,0,1,1,0,0,0,1,0,1,0,0
51,0.0244471718575,1,151,0.5,0,1,0,0,1,1,0,0,0,1,0,0,1,0
22,0.129994542571,1,152,0,1,0,0.714285714286,0,1,0,0,0,1,0,1,0,0,0
55.5,0.0157125535691,1,153,1,0,1,0,0,1,1,0,1,0,0,0,0,1,0
40.5,0.0283021151244,1,154,1,0,0,0,0,1,1,0,1,0,0,0,1,0,0
24,0.0142730494377,1,155,1,0,1,0,0,1,1,0,1,0,0,1,0,0,0
51,0.119804219631,1,156,0,0,0,0,0,0,1,0,1,0,0,0,0,1,0
16,0.0150943963374,1,157,1,1,1,0,1,0,0,1,0,0,0,0,0,0,0
30,0.0157125535691,1,158,1,0,1,0,0,1,1,0,1,0,0,1,0,0,0
24,0.0169080739493,1,159,1,0,1,0,0,1,1,0,1,0,0,1,0,0,0
24,0.135752559097,1,160,1,0,0,0,0,1,1,0,0,0,0,1,0,0,0
44,0.0314251071381,1,161,1,0,0,0,0,1,1,0,1,0,0,0,1,0,0
40,0.0307419526351,1,162,0.5,1,1,0,0,1,0,0,0,1,0,0,1,0,0
26,0.0151757893167,1,163,1,0,1,0,0,1,1,0,1,0,0,1,0,0,0
17,0.0169080739493,1,164,1,0,1,0,0,1,1,0,1,0,0,0,0,0,0
1,0.0774648409655,1,165,1,0,0,0,0,1,1,0,0,0,0,0,0,0,0
9,0.0400621319261,1,166,1,1,0,0,0,1,1,0,0,0,0,0,0,0,0
37,0.107352850472,1,167,0,1,0,0.428571428571,0,1,0,0,0,1,0,0,1,0,0
45,0.0544571732394,1,168,1,0,0,0,0,1,0,0,0,1,0,0,1,0,0
37,0.0506022299724,1,169,0,0,1,0,0,1,1,0,1,0,0,0,1,0,0
28,0.110272457631,1,170,1,0,1,0,0,1,1,0,1,0,0,1,0,0,0
61,0.0653876452874,1,171,0,0,1,0.857142857143,0,1,1,0,1,0,0,0,0,1,0
4,0.0568482139999,1,172,1,0,0,0,1,0,1,0,0,0,0,0,0,0,0
1,0.0217307543665,1,173,1,1,0,0,0,1,0,1,0,0,0,0,0,0,0
21,0.015468569818,1,174,1,0,1,0,0,1,1,0,1,0,0,1,0,0,0
56,0.0599142114094,1,175,0,0,1,1,0,0,1,0,1,0,0,0,0,1,0
18,0.0153303774214,1,176,1,0,0,0,0,1,1,0,1,0,0,0,0,0,0
24,0.0497076879475,1,177,1,0,0,0,0,1,1,0,0,0,0,1,0,0,0
50,0.0560430676214,1,178,0,0,1,0.714285714286,0,0,0,1,0,0,0,0,0,1,0
30,0.0253743101115,1,179,0.5,0,1,0,0,1,1,0,1,0,0,1,0,0,0
36,0,1,180,1,0,1,0,0,1,1,0,1,0,0,0,1,0,0
24,0.135752559097,1,181,1,0,0,0,0,1,0,1,0,0,0,1,0,0,0
29,0.0293756436291,1,182,0.5,0,1,0,0,0,1,0,1,0,0,1,0,0,0
9,0.0612643198943,1,183,1,0,0,0,0,1,1,0,0,0,0,0,0,0,0
1,0.0761229303346,1,184,0.5,1,0,0.285714285714,0,1,1,0,0,0,0,0,0,0,0
4,0.042989936939,1,185,1,1,0,0,0,1,0,1,0,0,0,0,0,0,0
37,0.097593500429,1,186,0,0,1,1,0,1,1,0,1,0,0,0,1,0,0
24,0.030253985133,1,187,1,1,0,0,1,0,0,0,0,1,0,1,0,0,0
45,0.0518221487278,1,188,0,1,1,0,0,1,1,0,1,0,0,0,1,0,0
40,0.030253985133,1,189,1,0,0,0,1,0,1,0,1,0,0,0,1,0,0
36,0.0154115752137,1,190,1,0,1,0,0,1,1,0,1,0,0,0,1,0,0
32,0.0253743101115,1,191,0.5,1,1,0,0,1,0,0,0,1,0,0,1,0,0
19,0.0253743101115,1,192,0.5,0,1,0,0,1,1,0,1,0,0,0,0,0,0
19,0.0153303774214,1,193,1,1,0,0,0,1,0,1,0,0,0,0,0,0,0
3,0.0507486202231,1,194,0.5,1,0,0.285714285714,0,1,1,0,0,0,0,0,0,0,0
44,0.0541073981339,1,195,0,1,1,0.857142857143,0,0,0,0,0,1,0,0,1,0,0
58,0.285989555153,1,196,0,1,1,0.857142857143,0,0,0,1,0,0,0,0,0,1,0
24,0.0151269925665,1,197,1,0,1,0,1,0,1,0,1,0,0,1,0,0,0
42,0.0164039059261,1,198,1,0,0,0,0,1,1,0,1,0,0,0,1,0,0
24,0.0151269925665,1,199,1,1,1,0,1,0,0,1,0,0,0,1,0,0,0
24,0.0253743101115,1,200,0.5,0,1,0,0,1,0,1,0,0,0,1,0,0,0
28,0.0185427650815,1,201,1,0,1,0,0,1,1,0,1,0,0,1,0,0,0
24,0.135752559097,1,202,1,0,0,0,0,1,1,0,1,0,0,1,0,0,0
34,0.0126789572017,1,203,1,0,1,0,0,1,1,0,1,0,0,0,1,0,0
45.5,0.014102260812,1,204,1,0,1,0,0,0,1,0,1,0,0,0,0,1,0
18,0.0157125535691,1,205,1,1,1,0,0,1,1,0,1,0,0,0,0,0,0
2,0.0204214399648,1,206,1,0,0,0.142857142857,0,1,0,1,0,0,0,0,0,0,0
32,0.030937139636,1,207,1,0,0,0,0,1,1,0,1,0,0,0,1,0,0
26,0.0366707577862,1,208,1,1,1,0,0,0,1,0,1,0,0,1,0,0,0
16,0.0151269925665,1,209,1,1,1,0,1,0,0,1,0,0,0,0,0,0,0
40,0.060507970266,1,210,0,1,1,1,0,0,1,0,1,0,0,0,1,0,0
24,0.0137606835605,1,211,1,0,1,0,0,1,1,0,1,0,0,1,0,0,0
35,0.0409892701802,1,212,0.5,1,1,0,0,1,0,1,0,0,0,0,1,0,0
22,0.0141510575622,1,213,1,0,1,0,0,1,1,0,1,0,0,1,0,0,0
30,0.0253743101115,1,214,0.5,0,1,0,0,1,1,0,1,0,0,1,0,0,0
24,0.0151269925665,1,215,1,0,0,0,1,0,1,0,1,0,0,1,0,0,0
31,0.221098075222,1,216,0,1,0,0.571428571429,0,0,0,1,0,0,0,0,1,0,0
27,0.015468569818,1,217,1,1,1,0,0,1,0,1,0,0,0,1,0,0,0
42,0.0527004902317,1,218,0.5,0,0,0,0,1,1,0,1,0,0,0,1,0,0
32,0.148911481134,1,219,0,1,1,0.571428571429,0,0,0,1,0,0,0,0,1,0,0
30,0.0204946350901,1,220,0.5,0,1,0,0,1,1,0,1,0,0,1,0,0,0
16,0.0157125535691,1,221,1,1,1,0,0,1,1,0,1,0,0,0,0,0,0
27,0.0253743101115,1,222,0.5,0,1,0,0,1,1,0,1,0,0,1,0,0,0
51,0.0157125535691,1,223,1,0,1,0,0,1,1,0,1,0,0,0,0,1,0
24,0.0154115752137,1,224,1,0,1,0,0,1,1,0,1,0,0,1,0,0,0
38,0.175668300772,1,225,0,1,0,0.714285714286,0,1,1,0,1,0,0,0,1,0,0
22,0.0182499845802,1,226,1,0,1,0,0,1,1,0,1,0,0,1,0,0,0
19,0.0204946350901,1,227,0.5,1,1,0,0,1,1,0,1,0,0,0,0,0,0
20.5,0.0141510575622,1,228,1,0,1,0,0,1,1,0,1,0,0,1,0,0,0
18,0.0253743101115,1,229,0.5,0,1,0,0,1,1,0,1,0,0,0,0,0,0
24,0.0497076879475,1,230,1,0,0,0,0,1,0,1,0,0,0,1,0,0,0
35,0.162932348966,1,231,0,1,0,0.714285714286,0,1,0,0,0,1,0,0,1,0,0
29,0.0151757893167,1,232,1,0,1,0,0,1,1,0,1,0,0,1,0,0,0
59,0.0263502451158,1,233,0.5,0,1,0,0,1,1,0,1,0,0,0,0,1,0
5,0.0612643198943,1,234,1,1,0,0,0,1,0,1,0,0,0,0,0,0,0
24,0.0204946350901,1,235,0.5,0,1,0,0,1,1,0,1,0,0,1,0,0,0
24,0.0147366185648,1,236,1,0,1,0,0,1,0,1,0,0,0,1,0,0,0
44,0.0507486202231,1,237,0.5,0,0,0,0,1,1,0,1,0,0,0,1,0,0
8,0.0512365877252,1,238,0.5,1,0,0,0,1,0,1,0,0,0,0,0,0,0
19,0.0204946350901,1,239,0.5,0,1,0,0,1,1,0,1,0,0,0,0,0,0
33,0.0239592043553,1,240,0.5,0,1,0,0,1,1,0,1,0,0,0,1,0,0
24,0.028212719478,1,241,1,0,0,0,0,0,0,1,0,0,0,1,0,0,0
24,0.030253985133,1,242,1,1,0,0,1,0,0,1,0,0,0,1,0,0,0
29,0.0204946350901,1,243,0.5,0,1,0,0,1,1,0,1,0,0,1,0,0,0
22,0.0139070738111,1,244,1,0,1,0,0,1,1,0,1,0,0,1,0,0,0
30,0.014102260812,1,245,1,0,1,0,0,0,1,0,1,0,0,1,0,0,0
44,0.175668300772,1,246,0,0,0,0.714285714286,1,0,1,0,0,0,1,0,1,0,0
25,0.0151757893167,1,247,1,0,1,0,0,1,0,1,0,0,0,1,0,0,0
24,0.0283021151244,1,248,0.5,1,0,0,0,1,0,0,0,1,0,1,0,0,0
37,0.102578966805,1,249,0,1,0,0.571428571429,0,1,1,0,1,0,0,0,1,0,0
54,0.0507486202231,1,250,0.5,0,0,0,0,1,1,0,0,0,1,0,0,1,0
24,0.0141510575622,1,251,1,0,1,0,0,1,1,0,1,0,0,1,0,0,0
29,0.0204214399648,1,252,1,0,0,0.142857142857,0,1,0,0,0,1,0,1,0,0,0
62,0.0518221487278,1,253,0,0,1,0.714285714286,0,1,1,0,1,0,0,0,0,1,0
30,0.0314251071381,1,254,1,0,0,0,0,1,1,0,1,0,0,1,0,0,0
41,0.0394521725484,1,255,1,0,0,0,0,1,0,0,0,1,0,0,1,0,0
29,0.0297578197768,1,256,1,1,0,0,0,0,0,0,0,1,0,1,0,0,0
37,0.15458810468,1,257,0,1,1,0,0,0,0,0,0,1,0,0,1,0,0
30,0.168836755742,1,258,0,1,1,0.857142857143,0,1,0,1,0,0,0,1,0,0,0
35,1,1,259,0,1,1,0,0,0,0,1,0,0,0,0,1,0,0
50,0.0507486202231,1,260,0.5,1,0,0,0,1,0,0,0,1,0,0,0,1,0
24,0.0151269925665,1,261,1,0,1,0,1,0,1,0,1,0,0,1,0,0,0
3,0.0612643198943,1,262,1,1,0,0,0,1,1,0,0,0,0,0,0,0,0
52,0.155466446183,1,263,0,0,0,0.428571428571,0,1,1,0,1,0,0,0,0,1,0
40,0,1,264,0,0,1,0.857142857143,0,1,1,0,1,0,0,0,1,0,0
24,0.0151269925665,1,265,1,0,1,0,1,0,0,1,0,0,0,1,0,0,0
36,0.0204946350901,1,266,0.5,0,1,0,0,1,1,0,1,0,0,0,1,0,0
16,0.0774648409655,1,267,1,0,0,0,0,1,1,0,1,0,0,0,0,0,0
25,0.0151757893167,1,268,1,1,0,0,0,1,1,0,1,0,0,1,0,0,0
58,0.299538851192,1,269,0,1,0,0.714285714286,0,1,0,0,0,1,0,0,0,1,0
35,0.264738570435,1,270,0,1,1,0.714285714286,0,1,0,1,0,0,0,0,1,0,0
37,0.060507970266,1,271,0,0,1,0,0,1,1,0,1,0,0,0,1,0,0
25,0,1,272,1,1,1,0,0,1,1,0,1,0,0,1,0,0,0
41,0.0380614651673,1,273,0.5,1,0,0,0,1,0,0,0,1,0,0,1,0,0
37,0.0579705392548,1,274,0,0,0,0.714285714286,0,0,1,0,1,0,0,0,1,0,0
24,0.0151269925665,1,275,1,1,1,0,1,0,0,1,0,0,0,1,0,0,0
63,0.15216446769,1,276,0,1,0,0.571428571429,0,1,0,1,0,0,0,0,0,1,0
45,0.0151269925665,1,277,1,0,1,0,0,1,0,1,0,0,0,0,1,0,0
29,0,1,278,0.5,0,1,0,0,1,1,0,1,0,0,1,0,0,0
7,0.0568482139999,1,279,1,0,0,0,1,0,1,0,0,0,0,0,0,0,0
35,0.0395253676738,1,280,1,1,0,0,0,1,0,0,0,1,0,0,1,0,0
65,0.0151269925665,1,281,1,0,1,0,1,0,1,0,1,0,0,0,0,0,1
28,0.0153303774214,1,282,1,0,1,0,0,1,1,0,1,0,0,1,0,0,0
16,0.0185427650815,1,283,1,0,1,0,0,1,1,0,1,0,0,0,0,0,0
19,0.0157125535691,1,284,1,1,1,0,0,1,1,0,1,0,0,0,0,0,0
37,0.0507486202231,1,285,0,0,1,1,0,1,1,0,1,0,0,0,1,0,0
33,0.0169080739493,1,286,1,0,1,0,0,0,1,0,1,0,0,0,1,0,0
30,0.0185427650815,1,287,1,1,1,0,0,1,1,0,1,0,0,1,0,0,0
22,0.0154115752137,1,288,1,0,1,0,0,1,1,0,1,0,0,1,0,0,0
42,0.0253743101115,1,289,0.5,1,1,0,0,1,1,0,1,0,0,0,1,0,0
22,0.0151269925665,1,290,1,1,1,0,1,0,0,1,0,0,0,1,0,0,0
26,0.153904950177,1,291,0,1,1,0,0,1,0,1,0,0,0,1,0,0,0
19,0.177774758885,1,292,0,1,0,0.857142857143,0,0,0,0,0,1,0,0,0,0,0
36,0.0251303263605,1,293,0.5,0,1,0.571428571429,0,0,1,0,1,0,0,0,1,0,0
24,0.0172740495759,1,294,1,0,1,0,0,1,0,1,0,0,0,1,0,0,0
24,0.0154115752137,1,295,1,0,1,0,0,1,1,0,1,0,0,1,0,0,0
37,0.0541073981339,1,296,0,0,1,0,0,0,1,0,1,0,0,0,1,0,0
23.5,0.014110458666,1,297,1,0,1,0,0,0,1,0,1,0,0,1,0,0,0
2,0.2958058998,1,298,0,0,0,0.714285714286,0,1,0,1,0,0,0,0,0,0,0
37,0.0595320352617,1,299,0,1,1,0.714285714286,0,1,1,0,1,0,0,0,1,0,0
50,0.48312842602,1,300,0,1,0,0.857142857143,0,0,0,0,0,1,0,0,0,1,0
24,0.0151269925665,1,301,1,1,1,0,1,0,0,1,0,0,0,1,0,0,0
24,0.0453809776995,1,302,1,1,0,0,1,0,1,0,1,0,0,1,0,0,0
19,0,1,303,1,0,1,0,0,1,1,0,1,0,0,0,0,0,0
29,0.024105594606,1,304,0.5,1,1,0.428571428571,1,0,0,1,0,0,0,1,0,0,0
24,0.0157125535691,1,305,1,0,1,0,0,1,1,0,1,0,0,1,0,0,0
0.92,0.2958058998,1,306,0,1,0,0.714285714286,0,1,1,0,0,0,0,0,0,0,0
37,0.216429787722,1,307,0,1,1,0,0,0,0,1,0,0,0,0,1,0,0
17,0.212558643934,1,308,0,1,0,0.714285714286,0,0,0,0,0,1,0,0,0,0,0
30,0.0468448802059,1,309,0.5,0,0,0,0,0,1,0,1,0,0,1,0,0,0
30,0.111118398092,1,310,0,1,1,0.428571428571,0,0,0,1,0,0,0,1,0,0,0
24,0.162314191735,1,311,0,1,1,0.714285714286,0,0,0,1,0,0,0,1,0,0,0
18,0.512121893501,1,312,0,1,0,0.857142857143,0,0,0,1,0,0,0,0,0,0,0
26,0.0507486202231,1,313,0.5,0,0,0,0,1,0,0,0,1,0,1,0,0,0
28,0.0154115752137,1,314,1,0,1,0,0,1,1,0,1,0,0,1,0,0,0
43,0.0512365877252,1,315,0.5,0,0,0,0,1,1,0,1,0,0,0,1,0,0
26,0.0153303774214,1,316,1,1,1,0,0,1,0,1,0,0,0,1,0,0,0
24,0.0507486202231,1,317,0.5,1,0,0,0,1,0,0,0,1,0,1,0,0,0
54,0.0273261801201,1,318,0.5,0,1,0,0,1,1,0,0,0,1,0,0,1,0
31,0.321798367144,1,319,0,1,0,0.714285714286,0,1,0,1,0,0,0,0,1,0,0
40,0.262526516154,1,320,0,1,0,0.428571428571,0,0,0,0,0,1,0,0,1,0,0
22,0.0141510575622,1,321,1,0,1,0,0,1,1,0,1,0,0,1,0,0,0
27,0.0154115752137,1,322,1,0,1,0,0,1,1,0,1,0,0,1,0,0,0
30,0.024105594606,1,323,0.5,1,1,0,1,0,0,1,0,0,0,1,0,0,0
22,0.0566042302488,1,324,0.5,1,0,0,0,1,0,0,0,1,0,1,0,0,0
24,0.135752559097,1,325,1,0,0,0,0,1,1,0,1,0,0,1,0,0,0
36,0.264738570435,1,326,0,1,1,0.714285714286,0,0,0,1,0,0,0,0,1,0,0
61,0.0121747891785,1,327,1,0,1,0,0,1,1,0,1,0,0,0,0,1,0
36,0.0253743101115,1,328,0.5,1,1,0.571428571429,0,1,0,0,0,1,0,0,1,0,0
31,0.0400621319261,1,329,1,1,0,0,0,1,0,0,0,1,0,0,1,0,0
16,0.113167861601,1,330,0,1,0,0.857142857143,0,0,0,1,0,0,0,0,0,0,0
24,0.0453809776995,1,331,1,1,0,0,1,0,0,1,0,0,0,1,0,0,0
45.5,0.0556282952445,1,332,0,0,1,0.714285714286,0,1,1,0,1,0,0,0,0,1,0
38,0.299538851192,1,333,0,0,0,0.714285714286,0,1,1,0,1,0,0,0,1,0,0
16,0.0351336601544,1,334,1,0,0,0,0,1,1,0,1,0,0,0,0,0,0
37,0.260867426647,1,335,0,1,0,0,0,1,0,0,0,1,0,0,1,0,0
24,0.0154115752137,1,336,1,0,1,0,0,1,1,0,1,0,0,1,0,0,0
29,0.129994542571,1,337,0,0,0,0.714285714286,0,1,1,0,1,0,0,1,0,0,0
41,0.262526516154,1,338,0,1,1,0.428571428571,0,0,0,1,0,0,0,0,1,0,0
45,0.0157125535691,1,339,1,1,1,0,0,1,1,0,1,0,0,0,1,0,0
45,0.0692913853046,1,340,0,0,1,0,0,1,1,0,1,0,0,0,1,0,0
2,0.0507486202231,1,341,0.5,1,0,0.285714285714,0,1,1,0,0,0,0,0,0,0,0
24,0.513341812257,1,342,0,1,0,0.714285714286,0,1,0,1,0,0,0,1,0,0,0
28,0.0253743101115,1,343,0.5,0,1,0,0,1,1,0,1,0,0,1,0,0,0
25,0.0253743101115,1,344,0.5,0,1,0,0,1,1,0,1,0,0,1,0,0,0
36,0.0253743101115,1,345,0.5,0,1,0,0,1,1,0,1,0,0,0,1,0,0
24,0.0253743101115,1,346,0.5,1,1,0.285714285714,0,1,0,1,0,0,0,1,0,0,0
40,0.0253743101115,1,347,0.5,1,1,0,0,1,0,1,0,0,0,0,1,0,0
24,0.0314251071381,1,348,1,1,0,0,0,1,0,0,0,1,0,1,0,0,0
3,0.0310347331364,1,349,1,1,0,0,0,1,1,0,0,0,0,0,0,0,0
42,0.0169080739493,1,350,1,0,1,0,0,1,1,0,1,0,0,0,1,0,0
23,0.0180060008292,1,351,1,0,1,0,0,1,1,0,1,0,0,1,0,0,0
37,0.0683154503003,1,352,0,0,1,0.714285714286,0,1,1,0,1,0,0,0,1,0,0
15,0.014110458666,1,353,1,0,0,0,0,0,1,0,1,0,0,0,0,0,0
25,0.0347432861527,1,354,1,0,0,0,0,1,1,0,1,0,0,1,0,0,0
24,0.014102260812,1,355,1,0,1,0,0,0,1,0,1,0,0,1,0,0,0
28,0.0185427650815,1,356,1,0,1,0,0,1,1,0,1,0,0,1,0,0,0
22,0.107352850472,1,357,0,1,0,0.428571428571,0,1,0,1,0,0,0,1,0,0,0
38,0.0253743101115,1,358,0.5,0,1,0,0,1,0,1,0,0,0,0,1,0,0
24,0.0153791741716,1,359,1,1,1,0,1,0,0,1,0,0,0,1,0,0,0
24,0.0153791741716,1,360,1,1,1,0,1,0,0,1,0,0,0,1,0,0,0
40,0.0544571732394,1,361,1,0,0,0,0,1,1,0,1,0,0,0,1,0,0
29,0.0541073981339,1,362,0.5,0,0,0,0,0,1,0,1,0,0,1,0,0,0
45,0.028212719478,1,363,1,0,0,0,0,0,0,0,0,1,0,0,1,0,0
35,0.0137606835605,1,364,1,0,1,0,0,1,1,0,1,0,0,0,1,0,0
24,0.030253985133,1,365,1,0,0,0,1,0,1,0,1,0,0,1,0,0,0
30,0.0141510575622,1,366,1,0,1,0,0,1,1,0,1,0,0,1,0,0,0
60,0.146878218146,1,367,0,1,0,0.571428571429,0,0,0,0,0,1,0,0,0,1,0
24,0.014110458666,1,368,1,1,1,0,0,0,0,0,0,1,0,1,0,0,0
24,0.0151269925665,1,369,1,1,1,0,1,0,0,1,0,0,0,1,0,0,0
24,0.135264591595,1,370,0,1,1,0.857142857143,0,0,0,0,0,1,0,1,0,0,0
25,0.108214991455,1,371,0,1,0,0.428571428571,0,0,1,0,1,0,0,1,0,0,0
18,0.0126789572017,1,372,1,0,0,0,0,1,1,0,1,0,0,0,0,0,0
19,0.0157125535691,1,373,1,0,1,0,0,1,1,0,1,0,0,0,0,0,0
22,0.264738570435,1,374,0,0,1,0,0,0,1,0,1,0,0,1,0,0,0
3,0.0411356604308,1,375,1,0,0,0,0,1,0,1,0,0,0,0,0,0,0
37,0.160386720101,1,376,0,1,0,0,0,0,0,0,0,1,0,0,1,0,0
22,0.0141510575622,1,377,1,1,1,0,0,1,0,1,0,0,0,1,0,0,0
27,0.412820506815,1,378,0,0,0,0.714285714286,0,0,1,0,1,0,0,1,0,0,0
20,0.00783187840943,1,379,1,0,1,0,0,0,1,0,1,0,0,1,0,0,0
19,0.0151757893167,1,380,1,0,1,0,0,1,1,0,1,0,0,0,0,0,0
42,0.444099223702,1,381,0,1,1,0,0,0,0,1,0,0,0,0,1,0,0
1,0.0307257521141,1,382,1,1,0,0,0,0,0,1,0,0,0,0,0,0,0
32,0.015468569818,1,383,1,0,1,0,0,1,1,0,1,0,0,0,1,0,0
35,0.101497240446,1,384,0,1,0,0,0,1,0,0,0,1,0,0,1,0,0
24,0.0154115752137,1,385,1,0,1,0,0,1,1,0,1,0,0,1,0,0,0
18,0.143462445631,1,386,0.5,0,1,0,0,1,1,0,1,0,0,0,0,0,0
1,0.0915427034024,1,387,1,0,0,0,0,1,1,0,0,0,0,0,0,0,0
36,0.0253743101115,1,388,0.5,1,1,0,0,1,0,1,0,0,0,0,1,0,0
24,0.0150863936703,1,389,1,0,1,0,1,0,1,0,1,0,0,1,0,0,0
17,0.023422440103,1,390,0.5,1,1,0,0,0,0,1,0,0,0,0,0,0,0
36,0.23422440103,1,391,0,1,0,0.857142857143,0,1,1,0,1,0,0,0,1,0,0
21,0.0152163882129,1,392,1,1,1,0,0,1,1,0,1,0,0,1,0,0,0
28,0.015468569818,1,393,1,0,0,0,0,1,1,0,1,0,0,1,0,0,0
23,0.221098075222,1,394,0,1,0,0.571428571429,0,0,0,1,0,0,0,1,0,0,0
24,0.0325962291433,1,395,1,1,0,0.142857142857,0,1,0,0,0,1,0,1,0,0,0
22,0.0152163882129,1,396,1,0,1,0,0,1,1,0,1,0,0,1,0,0,0
31,0.0153303774214,1,397,1,0,1,0,0,1,0,1,0,0,0,0,1,0,0
46,0.0507486202231,1,398,0.5,0,1,0,0,1,1,0,1,0,0,0,0,1,0
23,0.0204946350901,1,399,0.5,0,1,0,0,1,1,0,0,0,1,1,0,0,0
28,0.0246911556085,1,400,0.5,1,1,0,0,1,0,0,0,1,0,1,0,0,0
39,0.015468569818,1,401,1,1,1,0,0,1,1,0,1,0,0,0,1,0,0
26,0.0157125535691,1,402,1,0,1,0,0,1,1,0,1,0,0,1,0,0,0
21,0.0191771228343,1,403,1,0,0,0,0,1,0,1,0,0,0,1,0,0,0
28,0.030937139636,1,404,1,0,0,0,0,1,1,0,1,0,0,1,0,0,0
20,0.0169080739493,1,405,1,0,1,0,0,1,0,1,0,0,0,1,0,0,0
34,0.0409892701802,1,406,0.5,0,0,0,0,1,1,0,1,0,0,0,1,0,0
51,0.0151269925665,1,407,1,0,1,0,0,1,1,0,1,0,0,0,0,1,0
3,0.0365975626609,1,408,0.5,1,0,0,0,1,1,0,0,0,0,0,0,0,0
21,0.0151757893167,1,409,1,0,1,0,0,1,1,0,1,0,0,1,0,0,0
24,0.0497076879475,1,410,1,0,0,0,0,1,0,1,0,0,0,1,0,0,0
24,0.0154115752137,1,411,1,0,1,0,0,1,1,0,1,0,0,1,0,0,0
24,0.0133865100798,1,412,1,0,1,0,1,0,1,0,1,0,0,1,0,0,0
33,0.175668300772,1,413,0,1,0,0.714285714286,1,0,0,1,0,0,0,0,1,0,0
29,0,1,414,0.5,0,1,0,0,1,1,0,1,0,0,1,0,0,0
44,0.015468569818,1,415,1,1,1,0,0,1,1,0,1,0,0,0,1,0,0
24,0.0157125535691,1,416,1,0,1,0,0,1,0,0,0,1,0,1,0,0,0
34,0.0634357752789,1,417,0.5,1,0,0,0,1,0,0,0,1,0,0,1,0,0
18,0.0253743101115,1,418,0.5,1,0,0,0,1,0,1,0,0,0,0,0,0,0
30,0.0253743101115,1,419,0.5,0,1,0,0,1,1,0,1,0,0,1,0,0,0
10,0.0471376607072,1,420,1,0,0,0,0,1,0,1,0,0,0,0,0,0,0
24,0.0154115752137,1,421,1,0,1,0,0,0,1,0,1,0,0,1,0,0,0
21,0.0150943963374,1,422,1,0,1,0,1,0,1,0,1,0,0,1,0,0,0
29,0.0153709763176,1,423,1,0,1,0,0,1,1,0,1,0,0,1,0,0,0
28,0.0281069281236,1,424,1,0,0,0,0,1,0,0,0,1,0,1,0,0,0
18,0.0394521725484,1,425,1,0,0,0,0,1,1,0,1,0,0,0,0,0,0
24,0.0141510575622,1,426,1,0,1,0,0,1,1,0,1,0,0,1,0,0,0
28,0.0507486202231,1,427,0.5,1,0,0,0,1,0,0,0,1,0,1,0,0,0
19,0.0507486202231,1,428,0.5,1,1,0,0,1,0,1,0,0,0,0,0,0,0
24,0.0151269925665,1,429,1,0,1,0,1,0,1,0,1,0,0,1,0,0,0
32,0.0157125535691,1,430,1,1,1,0.428571428571,0,1,1,0,1,0,0,0,1,0,0
28,0.0518221487278,1,431,0,1,1,0.714285714286,0,1,1,0,1,0,0,1,0,0,0
24,0.0314251071381,1,432,1,1,0,0,0,1,0,0,0,1,0,1,0,0,0
42,0.0507486202231,1,433,0.5,1,0,0,0,1,0,0,0,1,0,0,1,0,0
17,0.0139070738111,1,434,1,0,1,0,0,1,1,0,1,0,0,0,0,0,0
50,0.10910953348,1,435,0,0,0,0.428571428571,0,1,1,0,1,0,0,0,0,1,0
14,0.23422440103,1,436,0,1,0,0.857142857143,0,1,0,1,0,0,0,0,0,0,0
21,0.067095531545,1,437,1,0,0,0,0,1,0,1,0,0,0,1,0,0,0
24,0.0365975626609,1,438,0.5,1,0,0,0,1,0,0,0,1,0,1,0,0,0
64,0.513341812257,1,439,0,0,0,0.714285714286,0,1,1,0,1,0,0,0,0,0,1
31,0.0204946350901,1,440,0.5,0,1,0,0,1,1,0,1,0,0,0,1,0,0
45,0.0512365877252,1,441,0.5,1,0,0,0,1,0,0,0,1,0,0,1,0,0
20,0.0185427650815,1,442,1,0,1,0,0,1,1,0,1,0,0,1,0,0,0
25,0.0151757893167,1,443,1,0,0,0,0,1,1,0,1,0,0,1,0,0,0
28,0.0253743101115,1,444,0.5,1,1,0,0,1,0,1,0,0,0,1,0,0,0
24,0.0158345454446,1,445,1,1,1,0,0,1,1,0,1,0,0,1,0,0,0
4,0.159776760723,1,446,0,1,0,1,0,1,1,0,0,0,0,0,0,0,0
13,0.0380614651673,1,447,0.5,1,0,0,0,1,0,1,0,0,0,0,0,0,0
34,0.0518221487278,1,448,0,1,1,0,0,1,1,0,1,0,0,0,1,0,0
5,0.0375896981862,1,449,1,1,0,0,0,0,0,1,0,0,0,0,0,0,0
52,0.0595320352617,1,450,0,1,1,0.714285714286,0,1,1,0,0,0,1,0,0,1,0
36,0.0541643927381,1,451,0.5,0,0,0,0,1,1,0,1,0,0,0,1,0,0
24,0.0389724029003,1,452,1,0,0,0,0,1,1,0,1,0,0,1,0,0,0
30,0.0541643927381,1,453,0,0,1,0.714285714286,0,0,1,0,1,0,0,1,0,0,0
49,0.173919815619,1,454,0,1,0,0.714285714286,0,0,1,0,1,0,0,0,0,1,0
24,0.0157125535691,1,455,1,0,1,0,0,1,1,0,1,0,0,1,0,0,0
29,0.0154115752137,1,456,1,1,1,0,0,0,1,0,1,0,0,1,0,0,0
65,0.0518221487278,1,457,0,0,1,0.428571428571,0,1,1,0,1,0,0,0,0,0,1
37,0.10122885832,1,458,0,1,0,0.571428571429,0,1,0,0,0,1,0,0,1,0,0
50,0.0204946350901,1,459,0.5,1,1,0,0,1,0,1,0,0,0,0,0,1,0
24,0.0151269925665,1,460,1,0,1,0,1,0,1,0,1,0,0,1,0,0,0
48,0.0518221487278,1,461,0,1,1,0.428571428571,0,1,1,0,1,0,0,0,0,1,0
34,0.0157125535691,1,462,1,0,1,0,0,1,1,0,1,0,0,0,1,0,0
47,0.0751469953303,1,463,0,0,1,0.428571428571,0,1,1,0,1,0,0,0,0,1,0
48,0.0253743101115,1,464,0.5,0,1,0,0,1,1,0,1,0,0,0,0,1,0
24,0.0157125535691,1,465,1,0,1,0,0,1,1,0,1,0,0,1,0,0,0
38,0.0137606835605,1,466,1,0,1,0,0,1,1,0,1,0,0,0,1,0,0
29,0,1,467,0.5,0,1,0,0,1,1,0,1,0,0,1,0,0,0
56,0.0518221487278,1,468,0,0,1,0,0,1,1,0,1,0,0,0,0,1,0
24,0.0150781958163,1,469,1,0,1,0,1,0,1,0,1,0,0,1,0,0,0
0.75,0.0375896981862,1,470,1,1,0,0,0,0,0,1,0,0,0,0,0,0,0
24,0.0141510575622,1,471,1,0,1,0,0,1,1,0,1,0,0,1,0,0,0
38,0.0169080739493,1,472,1,0,1,0,0,1,1,0,1,0,0,0,1,0,0
33,0.0541643927381,1,473,0.5,1,0,0,0,1,0,0,0,1,0,0,1,0,0
23,0.0269196055973,1,474,0.5,1,1,0.571428571429,0,0,0,0,0,1,0,1,0,0,0
22,0.0192015212094,1,475,1,0,1,0,0,1,0,1,0,0,0,1,0,0,0
37,0.101497240446,1,476,0,0,1,1,0,1,1,0,1,0,0,0,1,0,0
34,0.0409892701802,1,477,0.5,0,0,0,0,1,1,0,1,0,0,0,1,0,0
29,0.0137524857065,1,478,1,0,0,0,0,1,1,0,1,0,0,1,0,0,0
22,0.0146796239605,1,479,1,0,1,0,0,1,1,0,1,0,0,1,0,0,0
2,0.0239836027304,1,480,1,1,0,0,0,1,0,1,0,0,0,0,0,0,0
9,0.0915427034024,1,481,1,0,0,0,0,1,1,0,0,0,0,0,0,0,0
29,0,1,482,0.5,0,1,0,0,1,1,0,1,0,0,1,0,0,0
50,0.0157125535691,1,483,1,0,1,0,0,1,1,0,1,0,0,0,0,1,0
63,0.0187135537073,1,484,1,1,1,0,0,1,0,0,0,1,0,0,0,1,0
25,0.177774758885,1,485,0,1,0,0.857142857143,0,0,1,0,1,0,0,1,0,0,0
24,0.0497076879475,1,486,1,0,0,0,0,1,0,1,0,0,0,1,0,0,0
35,0.175668300772,1,487,0,1,0,0.714285714286,0,1,0,0,0,1,0,0,1,0,0
58,0.0579705392548,1,488,0,0,1,0.857142857143,0,0,1,0,1,0,0,0,0,1,0
30,0.0157125535691,1,489,1,0,1,0,0,1,1,0,1,0,0,1,0,0,0
9,0.0310347331364,1,490,1,1,0,0,0,1,1,0,0,0,0,0,0,0,0
24,0.0389724029003,1,491,1,0,0,0,0,1,1,0,1,0,0,1,0,0,0
21,0.0141510575622,1,492,1,0,1,0,0,1,1,0,1,0,0,1,0,0,0
55,0.0595320352617,1,493,0,0,1,0.714285714286,0,1,1,0,1,0,0,0,0,1,0
71,0.0966257632788,1,494,0,0,1,0,0,0,1,0,1,0,0,0,0,0,1
21,0.0157125535691,1,495,1,0,1,0,0,1,1,0,1,0,0,1,0,0,0
24,0.0282207221451,1,496,1,0,1,0,0,0,1,0,1,0,0,1,0,0,0
54,0.152766424401,1,497,0,1,0,0.571428571429,0,0,0,1,0,0,0,0,0,1,0
24,0.0294732371296,1,498,1,0,1,0,0,1,1,0,1,0,0,1,0,0,0
25,0.2958058998,1,499,0,0,0,0.714285714286,0,1,0,0,0,1,0,1,0,0,0
24,0.0152163882129,1,500,1,0,1,0,0,1,1,0,1,0,0,1,0,0,0
17,0.0169080739493,1,501,1,0,1,0,0,1,1,0,1,0,0,0,0,0,0
21,0.0151269925665,1,502,1,0,1,0,1,0,0,1,0,0,0,1,0,0,0
24,0.0148912066695,1,503,1,0,1,0,1,0,0,1,0,0,0,1,0,0,0
37,0.0187135537073,1,504,1,0,1,0,0,1,0,1,0,0,0,0,1,0,0
16,0.168836755742,1,505,0,1,1,0.857142857143,0,1,0,1,0,0,0,0,0,0,0
18,0.212558643934,1,506,0,0,0,0.714285714286,0,0,1,0,1,0,0,0,0,0,0
33,0.0507486202231,1,507,0.5,1,0,0,0,1,0,0,0,1,0,0,1,0,0
37,0.0518221487278,1,508,0,1,1,0,0,1,1,0,1,0,0,0,1,0,0
28,0.0439658719433,1,509,1,0,1,0,0,1,1,0,1,0,0,1,0,0,0
26,0.110272457631,1,510,1,1,1,0,0,1,1,0,1,0,0,1,0,0,0
29,0.0151269925665,1,511,1,1,1,0,1,0,1,0,1,0,0,1,0,0,0
24,0.0157125535691,1,512,1,0,1,0,0,1,1,0,1,0,0,1,0,0,0
36,0.0513097828506,1,513,0,1,1,0.428571428571,0,1,1,0,1,0,0,0,1,0,0
54,0.11594107851,1,514,0,1,0,0,0,0,0,0,0,1,0,0,0,1,0
24,0.0146308272103,1,515,1,0,1,0,0,1,1,0,1,0,0,1,0,0,0
47,0.0664041791879,1,516,0,0,1,0.571428571429,0,1,1,0,1,0,0,0,0,1,0
34,0.0204946350901,1,517,0.5,1,1,0.285714285714,0,1,0,0,0,1,0,0,1,0,0
24,0.0471376607072,1,518,1,0,1,0,1,0,1,0,1,0,0,1,0,0,0
36,0.0507486202231,1,519,0.5,1,0,0,0,1,0,0,0,1,0,0,1,0,0
32,0.0154115752137,1,520,1,0,1,0,0,1,1,0,1,0,0,0,1,0,0
30,0.182499845802,1,521,0,1,1,0.857142857143,0,1,0,1,0,0,0,1,0,0,0
22,0.0154115752137,1,522,1,0,1,0,0,1,1,0,1,0,0,1,0,0,0
24,0.014102260812,1,523,1,0,1,0,0,0,1,0,1,0,0,1,0,0,0
44,0.113167861601,1,524,0,1,0,0.857142857143,0,0,0,0,0,1,0,0,1,0,0
24,0.014110458666,1,525,1,0,1,0,0,0,1,0,1,0,0,1,0,0,0
40.5,0.0151269925665,1,526,1,0,1,0,1,0,1,0,1,0,0,0,1,0,0
50,0.0204946350901,1,527,0.5,1,1,0,0,1,0,1,0,0,0,0,0,1,0
37,0.432884169007,1,528,0,0,1,0.714285714286,0,1,1,0,1,0,0,0,1,0,0
39,0.015468569818,1,529,1,0,1,0,0,1,1,0,1,0,0,0,1,0,0
23,0.0224465050987,1,530,0.5,0,0,0,0,1,1,0,1,0,0,1,0,0,0
2,0.0507486202231,1,531,0.5,1,0,0,0,1,0,1,0,0,0,0,0,0,0
24,0.014110458666,1,532,1,0,1,0,0,0,1,0,1,0,0,1,0,0,0
17,0.014110458666,1,533,1,0,0,0,0,0,1,0,1,0,0,0,0,0,0
24,0.0436404952128,1,534,1,1,0,0,0,0,0,0,0,1,0,1,0,0,0
30,0.0169080739493,1,535,1,0,1,0,0,1,0,1,0,0,0,1,0,0,0
7,0.0512365877252,1,536,0.5,1,0,0,0,1,0,1,0,0,0,0,0,0,0
45,0.0518221487278,1,537,0,0,1,0.857142857143,0,1,1,0,0,0,1,0,1,0,0
30,0.207727765663,1,538,0,1,1,0,0,0,0,1,0,0,0,1,0,0,0
24,0.0283021151244,1,539,1,0,1,0,0,1,1,0,1,0,0,1,0,0,0
22,0.0966175654247,1,540,0,1,0,0.857142857143,0,0,0,1,0,0,0,1,0,0,0
36,0.138582770609,1,541,0,1,0,0.857142857143,0,1,0,1,0,0,0,0,1,0,0
9,0.0610447345184,1,542,1,0,0,0,0,1,0,1,0,0,0,0,0,0,0
11,0.0610447345184,1,543,1,0,0,0,0,1,0,1,0,0,0,0,0,0,0
32,0.0507486202231,1,544,0.5,1,0,0,0,1,1,0,1,0,0,0,1,0,0
50,0.207727765663,1,545,0,0,0,0.714285714286,0,0,1,0,1,0,0,0,0,1,0
64,0.0507486202231,1,546,0,0,1,0,0,1,1,0,1,0,0,0,0,0,1
19,0.0507486202231,1,547,0.5,1,0,0,0,1,0,0,0,1,0,0,0,0,0
29,0.0270577979939,1,548,0.5,1,1,0,0,0,1,0,1,0,0,1,0,0,0
33,0.0400621319261,1,549,1,0,0,0,0,1,1,0,1,0,0,0,1,0,0
8,0.0717312228153,1,550,0.5,1,0,0,0,1,1,0,0,0,0,0,0,0,0
17,0.216429787722,1,551,0,1,0,0.714285714286,0,0,1,0,1,0,0,0,0,0,0
27,0.0507486202231,1,552,0.5,0,1,0,0,1,1,0,1,0,0,1,0,0,0
24,0.0152815806712,1,553,1,0,1,0,1,0,1,0,1,0,0,1,0,0,0
22,0.014102260812,1,554,1,1,1,0,0,0,1,0,1,0,0,1,0,0,0
22,0.0151757893167,1,555,1,1,1,0,0,1,0,1,0,0,0,1,0,0,0
62,0.0518221487278,1,556,0,0,1,0,0,1,1,0,1,0,0,0,0,1,0
48,0.0772940523398,1,557,0,1,0,1,0,0,0,0,0,0,1,0,0,1,0
37,0.444099223702,1,558,0,0,1,0,0,0,1,0,1,0,0,0,1,0,0
39,0.155466446183,1,559,0,1,0,0.428571428571,0,1,0,0,0,1,0,0,1,0,0
36,0.0339625381493,1,560,1,1,0,0,0,1,0,0,0,1,0,0,1,0,0
24,0.0151269925665,1,561,1,0,1,0,1,0,1,0,1,0,0,1,0,0,0
40,0.0154115752137,1,562,1,0,1,0,0,1,1,0,1,0,0,0,1,0,0
28,0.0263502451158,1,563,0.5,0,1,0,0,1,1,0,1,0,0,1,0,0,0
24,0.0157125535691,1,564,1,0,1,0,0,1,1,0,1,0,0,1,0,0,0
24,0.0157125535691,1,565,1,0,1,0,0,1,0,1,0,0,0,1,0,0,0
24,0.0471376607072,1,566,1,0,0,0,0,1,1,0,1,0,0,1,0,0,0
19,0.0154115752137,1,567,1,0,1,0,0,1,1,0,1,0,0,0,0,0,0
29,0.0411356604308,1,568,1,0,0,0,0,1,0,0,0,1,0,1,0,0,0
24,0.014110458666,1,569,1,0,1,0,0,0,1,0,1,0,0,1,0,0,0
32,0.0153303774214,1,570,1,1,1,0,0,1,1,0,1,0,0,0,1,0,0
62,0.0204946350901,1,571,0.5,1,1,0,0,1,1,0,1,0,0,0,0,1,0
53,0.100480706546,1,572,0,1,0,0.714285714286,0,1,0,0,0,1,0,0,0,1,0
36,0.0515049698514,1,573,0,1,1,0.428571428571,0,1,1,0,1,0,0,0,1,0,0
24,0.0151269925665,1,574,1,1,1,0,1,0,0,1,0,0,0,1,0,0,0
16,0.0157125535691,1,575,1,0,1,0,0,1,1,0,1,0,0,0,0,0,0
19,0.0283021151244,1,576,1,0,1,0,0,1,1,0,1,0,0,0,0,0,0
34,0.0253743101115,1,577,0.5,1,1,0,0,1,0,1,0,0,0,0,1,0,0
39,0.10910953348,1,578,0,1,0,0.428571428571,0,1,0,0,0,1,0,0,1,0,0
24,0.0282207221451,1,579,1,0,0,0,0,0,0,0,0,1,0,1,0,0,0
32,0.015468569818,1,580,1,1,1,0,0,1,1,0,1,0,0,0,1,0,0
25,0.0585561002574,1,581,0.5,1,0,0,0,1,0,1,0,0,0,1,0,0,0
39,0.216429787722,1,582,0,1,0,0.714285714286,0,0,0,0,0,1,0,0,1,0,0
54,0.0507486202231,1,583,0.5,0,1,0,0,1,1,0,1,0,0,0,0,1,0
36,0.0783187840943,1,584,0,0,1,1,0,0,1,0,1,0,0,0,1,0,0
24,0.0170056674498,1,585,1,0,1,0,0,0,1,0,1,0,0,1,0,0,0
18,0.155466446183,1,586,0,1,0,0.428571428571,0,1,0,1,0,0,0,0,0,0,0
47,0.0292780501287,1,587,0.5,0,1,0,0,1,1,0,1,0,0,0,0,1,0
60,0.15458810468,1,588,0,1,0,0.857142857143,0,0,1,0,1,0,0,0,0,1,0
22,0.0157125535691,1,589,1,0,1,0,0,1,1,0,1,0,0,1,0,0,0
24,0.0157125535691,1,590,1,0,1,0,0,1,1,0,1,0,0,1,0,0,0
35,0.0139070738111,1,591,1,0,1,0,0,1,1,0,1,0,0,0,1,0,0
52,0.152766424401,1,592,0,1,0,0.571428571429,0,0,0,0,0,1,0,0,0,1,0
47,0.0141510575622,1,593,1,0,1,0,0,1,1,0,1,0,0,0,0,1,0
24,0.0151269925665,1,594,1,0,0,0,1,0,0,1,0,0,0,1,0,0,0
37,0.0507486202231,1,595,0.5,0,0,0,0,1,1,0,1,0,0,0,1,0,0
36,0.0471376607072,1,596,1,0,0,0,0,1,1,0,1,0,0,0,1,0,0
29,0.0644117102832,1,597,0.5,1,1,0,0,1,0,1,0,0,0,1,0,0,0
49,0,1,598,1,0,1,0,0,1,1,0,1,0,0,0,0,1,0
24,0.014102260812,1,599,1,0,1,0,0,0,1,0,1,0,0,1,0,0,0
49,0.111118398092,1,600,0,1,0,1,0,0,1,0,0,0,1,0,0,1,0
24,0.0527004902317,1,601,0.5,1,0,0,0,1,0,0,0,1,0,1,0,0,0
24,0.0154115752137,1,602,1,0,1,0,0,1,1,0,1,0,0,1,0,0,0
37,0.0827592883638,1,603,0,0,1,0,0,1,1,0,1,0,0,0,1,0,0
44,0.0157125535691,1,604,1,0,1,0,0,1,1,0,1,0,0,0,1,0,0
35,0.0518221487278,1,605,0,1,1,0,0,0,1,0,1,0,0,0,1,0,0
36,0.0303515786334,1,606,1,0,0,0,0,1,1,0,1,0,0,0,1,0,0
30,0.0154115752137,1,607,1,0,1,0,0,1,1,0,1,0,0,1,0,0,0
27,0.0595320352617,1,608,0,1,1,0,0,1,1,0,1,0,0,1,0,0,0
22,0.0811571934608,1,609,0.5,1,0,0,0,0,0,0,0,1,0,1,0,0,0
40,0.299538851192,1,610,0,1,1,0.714285714286,0,1,0,1,0,0,0,0,1,0,0
39,0.0610447345184,1,611,1,0,0,0,0,1,0,0,0,1,0,0,1,0,0
24,0.0137606835605,1,612,1,0,1,0,0,1,1,0,1,0,0,1,0,0,0
24,0.030253985133,1,613,1,1,0,0,1,0,0,1,0,0,0,1,0,0,0
24,0.0151269925665,1,614,1,0,1,0,1,0,1,0,1,0,0,1,0,0,0
35,0.0157125535691,1,615,1,0,1,0,0,1,1,0,1,0,0,0,1,0,0
24,0.126871550558,1,616,0.5,1,0,0,0,1,0,1,0,0,0,1,0,0,0
34,0.0281069281236,1,617,1,0,0,0,0,1,1,0,1,0,0,0,1,0,0
26,0.0314251071381,1,618,1,0,0,0,0,1,0,0,0,1,0,1,0,0,0
4,0.0761229303346,1,619,0.5,1,0,0.285714285714,0,1,0,1,0,0,0,0,0,0,0
26,0.0204946350901,1,620,0.5,0,1,0,0,1,1,0,1,0,0,1,0,0,0
27,0.028212719478,1,621,1,0,0,0,0,0,1,0,1,0,0,1,0,0,0
42,0.102578966805,1,622,0,1,0,0.571428571429,0,1,1,0,1,0,0,0,1,0,0
20,0.0307257521141,1,623,1,1,0,0,0,0,1,0,1,0,0,1,0,0,0
21,0.0153303774214,1,624,1,0,1,0,0,1,1,0,1,0,0,1,0,0,0
21,0.0314251071381,1,625,1,0,1,0,0,1,1,0,1,0,0,1,0,0,0
61,0.0630860001733,1,626,0,0,1,0.571428571429,0,1,1,0,1,0,0,0,0,1,0
57,0.024105594606,1,627,0.5,0,1,0,1,0,1,0,0,0,1,0,0,1,0
21,0.15216446769,1,628,0,1,1,0.571428571429,0,1,0,1,0,0,0,1,0,0,0
26,0.0154115752137,1,629,1,0,1,0,0,1,1,0,1,0,0,1,0,0,0
24,0.0150943963374,1,630,1,0,1,0,1,0,1,0,1,0,0,1,0,0,0
80,0.0585561002574,1,631,0,1,1,1,0,1,1,0,1,0,0,0,0,0,1
51,0.0137688814145,1,632,1,0,1,0,0,1,1,0,1,0,0,0,0,1,0
32,0.0595320352617,1,633,0,1,1,0.857142857143,0,0,1,0,0,0,1,0,1,0,0
37,0,1,634,0,0,1,0,0,1,1,0,1,0,0,0,1,0,0
9,0.0544571732394,1,635,1,0,0,0,0,1,0,1,0,0,0,0,0,0,0
28,0.0253743101115,1,636,0.5,1,1,0,0,1,0,1,0,0,0,1,0,0,0
32,0.015468569818,1,637,1,0,1,0,0,1,1,0,1,0,0,0,1,0,0
31,0.0512365877252,1,638,0.5,0,0,0,0,1,1,0,1,0,0,0,1,0,0
41,0.0774648409655,1,639,1,0,0,0,0,1,0,0,0,1,0,0,1,0,0
24,0.0314251071381,1,640,1,0,0,0,0,1,1,0,1,0,0,1,0,0,0
20,0.0153303774214,1,641,1,0,1,0,0,1,1,0,1,0,0,1,0,0,0
24,0.135264591595,1,642,0,1,1,0.857142857143,0,0,0,1,0,0,0,1,0,0,0
2,0.0544571732394,1,643,1,0,0,0,0,1,0,1,0,0,0,0,0,0,0
24,0.110272457631,1,644,1,1,1,0,0,1,1,0,1,0,0,1,0,0,0
0.75,0.0375896981862,1,645,1,1,0,0,0,0,0,1,0,0,0,0,0,0,0
48,0.149765424262,1,646,0,1,0,0.571428571429,0,0,1,0,1,0,0,0,0,1,0
19,0.0154115752137,1,647,1,0,1,0,0,1,1,0,1,0,0,0,0,0,0
56,0.0692913853046,1,648,0,1,1,1,0,0,1,0,0,0,1,0,0,1,0
24,0.0147366185648,1,649,1,0,1,0,0,1,1,0,1,0,0,1,0,0,0
23,0.0147366185648,1,650,1,1,1,0,0,1,0,1,0,0,0,1,0,0,0
24,0.0154115752137,1,651,1,0,1,0,0,1,1,0,1,0,0,1,0,0,0
18,0.0448930101973,1,652,0.5,1,0,0,0,1,0,1,0,0,0,0,0,0,0
21,0.0164607053434,1,653,1,0,1,0,0,1,1,0,1,0,0,1,0,0,0
24,0.0152815806712,1,654,1,1,1,0,1,0,0,1,0,0,0,1,0,0,0
18,0.0131751225579,1,655,1,0,1,0,1,0,0,1,0,0,0,0,0,0,0
24,0.143462445631,1,656,0.5,0,0,0,0,1,1,0,1,0,0,1,0,0,0
24,0.0154115752137,1,657,1,0,1,0,0,1,1,0,1,0,0,1,0,0,0
32,0.030253985133,1,658,1,0,0,0,1,0,0,0,0,1,0,0,1,0,0
23,0.0253743101115,1,659,0.5,0,1,0,0,1,1,0,1,0,0,1,0,0,0
58,0.221098075222,1,660,0,0,0,0.571428571429,0,0,1,0,1,0,0,0,0,1,0
50,0.260867426647,1,661,0,1,0,0,0,1,1,0,0,0,1,0,0,1,0
40,0.014102260812,1,662,1,0,1,0,0,0,1,0,1,0,0,0,1,0,0
47,0.0499434738446,1,663,0,0,1,0.428571428571,0,1,1,0,1,0,0,0,0,1,0
36,0.0146308272103,1,664,1,0,1,0,0,1,1,0,1,0,0,0,1,0,0
20,0.015468569818,1,665,1,1,0,0,0,1,1,0,1,0,0,1,0,0,0
32,0.143462445631,1,666,0.5,0,0,0,0,1,1,0,1,0,0,0,1,0,0
25,0.0253743101115,1,667,0.5,0,1,0,0,1,1,0,1,0,0,1,0,0,0
24,0.0151757893167,1,668,1,0,1,0,0,1,1,0,1,0,0,1,0,0,0
43,0.0157125535691,1,669,1,0,1,0,0,1,1,0,1,0,0,0,1,0,0
37,0.101497240446,1,670,0,1,0,0.714285714286,0,1,0,0,0,1,0,0,1,0,0
40,0.0761229303346,1,671,0.5,1,0,0,0,1,0,0,0,1,0,0,1,0,0
31,0.101497240446,1,672,0,0,0,0.857142857143,0,1,1,0,1,0,0,0,1,0,0
70,0.0204946350901,1,673,0.5,0,1,0,0,1,1,0,1,0,0,0,0,0,1
31,0.0253743101115,1,674,0.5,1,1,0,0,1,1,0,1,0,0,0,1,0,0
29,0,1,675,0.5,0,1,0,0,1,1,0,1,0,0,1,0,0,0
18,0.0151757893167,1,676,1,0,1,0,0,1,1,0,1,0,0,0,0,0,0
24.5,0.0157125535691,1,677,1,0,1,0,0,1,1,0,1,0,0,1,0,0,0
18,0.0192097190634,1,678,1,1,1,0,0,1,0,1,0,0,0,0,0,0,0
43,0.0915427034024,1,679,1,0,0,0,0,1,0,0,0,1,0,0,1,0,0
36,1,1,680,0,1,0,0.857142857143,0,0,1,0,1,0,0,0,1,0,0
24,0.0158833421948,1,681,1,0,1,0,1,0,0,1,0,0,0,1,0,0,0
27,0.149765424262,1,682,0,1,1,0.571428571429,0,0,1,0,1,0,0,1,0,0,0
20,0.0180060008292,1,683,1,0,1,0,0,1,1,0,1,0,0,1,0,0,0
14,0.0915427034024,1,684,1,0,0,0,0,1,1,0,1,0,0,0,0,0,0
60,0.0761229303346,1,685,0.5,0,0,0,0,1,1,0,1,0,0,0,0,1,0
25,0.0811571934608,1,686,0.5,0,0,0,0,0,1,0,1,0,0,1,0,0,0
14,0.0774648409655,1,687,1,0,0,0,0,1,1,0,1,0,0,0,0,0,0
19,0.0198520794833,1,688,1,0,1,0,0,1,1,0,1,0,0,0,0,0,0
18,0.0152163882129,1,689,1,0,1,0,0,1,1,0,1,0,0,0,0,0,0
15,0.412503327938,1,690,0,1,0,0.857142857143,0,1,0,1,0,0,0,0,0,0,0
31,0.111256590489,1,691,0,1,0,0.857142857143,0,1,1,0,1,0,0,0,1,0,0
4,0.0261876543441,1,692,1,1,0,0,0,0,0,1,0,0,0,0,0,0,0
24,0.110272457631,1,693,1,1,1,0,0,1,1,0,1,0,0,1,0,0,0
25,0.014102260812,1,694,1,0,1,0,0,0,1,0,1,0,0,1,0,0,0
60,0.0518221487278,1,695,0,0,1,0,0,1,1,0,0,0,1,0,0,1,0
52,0.0263502451158,1,696,0.5,0,1,0,0,1,1,0,1,0,0,0,0,1,0
44,0.0157125535691,1,697,1,0,1,0,0,1,1,0,1,0,0,0,1,0,0
24,0.0150943963374,1,698,1,1,1,0,1,0,0,1,0,0,0,1,0,0,0
49,0.216429787722,1,699,0,0,0,0.714285714286,0,0,1,0,1,0,0,0,0,1,0
42,0.0149318055656,1,700,1,0,1,0.285714285714,0,1,1,0,1,0,0,0,1,0,0
18,0.444099223702,1,701,0,1,0,0.714285714286,0,0,0,0,0,1,0,0,0,0,0
35,0.0513097828506,1,702,0,1,1,0.428571428571,0,1,1,0,1,0,0,0,1,0,0
18,0.028212719478,1,703,1,0,0,0,0,0,0,1,0,0,0,0,0,0,0
25,0.0151107920454,1,704,1,0,1,0,1,0,1,0,1,0,0,1,0,0,0
26,0.0153303774214,1,705,1,0,0,0,0,1,1,0,1,0,0,1,0,0,0
39,0.0507486202231,1,706,0.5,0,1,0,0,1,1,0,1,0,0,0,1,0,0
45,0.0263502451158,1,707,0.5,1,1,0,0,1,0,0,0,1,0,0,1,0,0
42,0.0513097828506,1,708,0,1,1,0.428571428571,0,1,1,0,1,0,0,0,1,0,0
22,0.2958058998,1,709,0,1,1,0,0,1,0,1,0,0,0,1,0,0,0
24,0.0297578197768,1,710,1,1,0,0,0,0,1,0,0,0,0,1,0,0,0
24,0.0966257632788,1,711,0,1,1,0.714285714286,0,0,0,1,0,0,0,1,0,0,0
37,0.0518221487278,1,712,0,0,1,0.714285714286,0,1,1,0,1,0,0,0,1,0,0
48,0.101497240446,1,713,0,1,0,0.714285714286,0,1,1,0,1,0,0,0,0,1,0
29,0.0185101688524,1,714,1,0,1,0,0,1,1,0,1,0,0,1,0,0,0
52,0.0253743101115,1,715,0.5,0,1,0,0,1,1,0,1,0,0,0,0,1,0
19,0.0149318055656,1,716,1,0,1,0.285714285714,0,1,1,0,1,0,0,0,0,0,0
38,0.444099223702,1,717,0,1,1,0.714285714286,0,0,0,1,0,0,0,0,1,0,0
27,0.0204946350901,1,718,0.5,1,1,0.428571428571,0,1,0,1,0,0,0,1,0,0,0
24,0.030253985133,1,719,1,0,1,0,1,0,1,0,1,0,0,1,0,0,0
33,0.0151757893167,1,720,1,0,1,0,0,1,1,0,1,0,0,0,1,0,0
6,0.0644117102832,1,721,0.5,1,0,0,0,1,0,1,0,0,0,0,0,0,0
17,0.0137688814145,1,722,1,0,0,0,0,1,1,0,1,0,0,0,0,0,0
34,0.0253743101115,1,723,0.5,0,1,0,0,1,1,0,1,0,0,0,1,0,0
50,0.0253743101115,1,724,0.5,0,1,0,0,1,1,0,1,0,0,0,0,1,0
27,0.103644297456,1,725,0,1,0,0.428571428571,0,1,1,0,1,0,0,1,0,0,0
20,0.0169080739493,1,726,1,0,1,0,0,1,1,0,1,0,0,1,0,0,0
30,0.0409892701802,1,727,0.5,1,0,0,0,1,0,0,0,1,0,1,0,0,0
24,0.0151025941914,1,728,1,1,1,0,1,0,0,1,0,0,0,1,0,0,0
25,0.0507486202231,1,729,0.5,0,0,0,0,1,1,0,1,0,0,1,0,0,0
25,0.015468569818,1,730,1,0,0,0,0,1,0,1,0,0,0,1,0,0,0
29,0.412503327938,1,731,0,1,1,0.857142857143,0,1,0,1,0,0,0,1,0,0,0
11,0.0366707577862,1,732,1,0,1,0,0,0,1,0,1,0,0,0,0,0,0
29,0,1,733,0.5,0,1,0,0,1,1,0,1,0,0,1,0,0,0
23,0.0253743101115,1,734,0.5,0,1,0,0,1,1,0,1,0,0,1,0,0,0
23,0.0253743101115,1,735,0.5,0,1,0,0,1,1,0,1,0,0,1,0,0,0
28.5,0.0314251071381,1,736,1,0,1,0,0,1,1,0,1,0,0,1,0,0,0
48,0.067095531545,1,737,1,0,0,0,0,1,0,0,0,1,0,0,0,1,0
35,1,1,738,0,1,1,0.857142857143,0,0,1,0,1,0,0,0,1,0,0
24,0.0154115752137,1,739,1,0,1,0,0,1,1,0,1,0,0,1,0,0,0
24,0.0154115752137,1,740,1,0,1,0,0,1,1,0,1,0,0,1,0,0,0
37,0.0585561002574,1,741,0,1,1,0.571428571429,0,1,1,0,1,0,0,0,1,0,0
36,0.153904950177,1,742,0,0,0,0.714285714286,0,1,1,0,1,0,0,0,1,0,0
21,0.512121893501,1,743,0,1,0,0.857142857143,0,0,0,1,0,0,0,1,0,0,0
24,0.0314251071381,1,744,1,0,0,0,0,1,1,0,1,0,0,1,0,0,0
31,0.015468569818,1,745,1,1,1,0,0,1,1,0,1,0,0,0,1,0,0
70,0.138582770609,1,746,0,0,0,0.857142857143,0,1,1,0,0,0,1,0,0,0,1
16,0.0395253676738,1,747,1,0,0,0,0,1,1,0,1,0,0,0,0,0,0
30,0.0253743101115,1,748,0.5,1,1,0,0,1,0,1,0,0,0,1,0,0,0
19,0.103644297456,1,749,0,0,0,0.571428571429,0,1,1,0,1,0,0,0,0,0,0
31,0.0151269925665,1,750,1,0,1,0,1,0,1,0,1,0,0,0,1,0,0
4,0.0448930101973,1,751,0.5,1,0,0,0,1,0,1,0,0,0,0,0,0,0
6,0.024349578357,1,752,1,1,0,0.428571428571,0,1,1,0,0,0,0,0,0,0,0
33,0.0185427650815,1,753,1,0,1,0,0,1,1,0,1,0,0,0,1,0,0
23,0.0154115752137,1,754,1,0,1,0,0,1,1,0,1,0,0,1,0,0,0
48,0.126871550558,1,755,0.5,1,0,0,0,1,0,0,0,1,0,0,0,1,0
0.67,0.0283021151244,1,756,0.5,1,0,0,0,1,1,0,0,0,0,0,0,0,0
28,0.0152163882129,1,757,1,0,1,0,0,1,1,0,1,0,0,1,0,0,0
18,0.0224465050987,1,758,0.5,0,1,0,0,1,1,0,1,0,0,0,0,0,0
34,0.0157125535691,1,759,1,0,1,0,0,1,1,0,1,0,0,0,1,0,0
33,0.168836755742,1,760,0,1,1,0.857142857143,0,1,0,0,0,0,1,0,1,0,0
24,0.0283021151244,1,761,1,0,1,0,0,1,1,0,1,0,0,1,0,0,0
41,0.0139070738111,1,762,1,0,1,0,0,1,1,0,1,0,0,0,1,0,0
20,0.014110458666,1,763,1,1,1,0,0,0,1,0,1,0,0,1,0,0,0
36,0.23422440103,1,764,0,1,0,0.857142857143,0,1,0,0,0,1,0,0,1,0,0
16,0.0151757893167,1,765,1,0,1,0,0,1,1,0,1,0,0,0,0,0,0
51,0.15216446769,1,766,0,1,0,0.571428571429,0,1,0,0,0,1,0,0,0,1,0
37,0.0772940523398,1,767,0,0,1,0,0,0,1,0,0,0,1,0,1,0,0
30.5,0.0151269925665,1,768,1,0,1,0,1,0,0,1,0,0,0,0,1,0,0
24,0.0471376607072,1,769,1,0,0,0,1,0,1,0,1,0,0,1,0,0,0
32,0.0163225129468,1,770,1,0,1,0,0,1,1,0,1,0,0,0,1,0,0
24,0.0185427650815,1,771,1,0,1,0,0,1,1,0,1,0,0,1,0,0,0
48,0.0153303774214,1,772,1,0,1,0,0,1,1,0,1,0,0,0,0,1,0
57,0.0204946350901,1,773,0.5,0,1,0.428571428571,0,1,0,0,0,1,0,0,0,1,0
24,0.014102260812,1,774,1,0,1,0,0,0,1,0,1,0,0,1,0,0,0
54,0.0448930101973,1,775,0.5,1,0,0,0,1,0,0,0,1,0,0,0,1,0
18,0.0151269925665,1,776,1,0,1,0,0,1,1,0,1,0,0,0,0,0,0
24,0.0151269925665,1,777,1,0,1,0.285714285714,1,0,1,0,1,0,0,1,0,0,0
5,0.024349578357,1,778,1,1,1,0,0,1,0,1,0,0,0,0,0,0,0
24,0.0151025941914,1,779,1,0,1,0,1,0,1,0,1,0,0,1,0,0,0
43,0.412503327938,1,780,0,1,0,0.857142857143,0,1,0,0,0,1,0,0,1,0,0
13,0.014110458666,1,781,1,1,1,0,0,0,0,1,0,0,0,0,0,0,0
17,0.111256590489,1,782,0,1,0,0.857142857143,0,1,0,0,0,1,0,0,0,0,0
29,0.0585561002574,1,783,0,0,1,0.571428571429,0,1,1,0,1,0,0,1,0,0,0
24,0.0457713517012,1,784,1,0,0,0,0,1,1,0,1,0,0,1,0,0,0
25,0.0137606835605,1,785,1,0,1,0,0,1,1,0,1,0,0,1,0,0,0
25,0.0141510575622,1,786,1,0,1,0,0,1,1,0,1,0,0,1,0,0,0
18,0.0146308272103,1,787,1,1,1,0,0,1,0,1,0,0,0,0,0,0,0
8,0.0568482139999,1,788,1,0,0,0,1,0,1,0,0,0,0,0,0,0,0
1,0.0401597254265,1,789,1,1,0,0,0,1,1,0,0,0,0,0,0,0,0
46,0.15458810468,1,790,0,0,1,0.857142857143,0,0,1,0,1,0,0,0,0,1,0
24,0.0151269925665,1,791,1,0,1,0,1,0,1,0,1,0,0,1,0,0,0
16,0.0507486202231,1,792,0.5,0,1,0,0,1,1,0,1,0,0,0,0,0,0
24,0.135752559097,1,793,1,0,0,0,0,1,0,1,0,0,0,1,0,0,0
37,0.0599142114094,1,794,0,0,1,0,0,0,1,0,1,0,0,0,1,0,0
25,0.0154115752137,1,795,1,0,1,0,0,1,1,0,1,0,0,1,0,0,0
39,0.0253743101115,1,796,0.5,0,1,0,0,1,1,0,1,0,0,0,1,0,0
49,0.0506104278265,1,797,0,1,1,0.571428571429,0,1,0,0,0,0,1,0,0,1,0
31,0.0169486728455,1,798,1,1,1,0,0,1,0,0,0,1,0,0,1,0,0
30,0.014110458666,1,799,1,0,1,0,0,0,1,0,1,0,0,1,0,0,0
30,0.0471376607072,1,800,1,0,0,0,0,1,0,0,0,1,0,1,0,0,0
34,0.0253743101115,1,801,0.5,0,1,0,0,1,1,0,1,0,0,0,1,0,0
31,0.0512365877252,1,802,0.5,1,0,0,0,1,0,0,0,1,0,0,1,0,0
11,0.23422440103,1,803,0,1,0,0.857142857143,0,1,1,0,0,0,0,0,0,0,0
0.42,0.0166234913021,1,804,1,1,0,0,0,0,1,0,0,0,0,0,0,0,0
27,0.0136142933098,1,805,1,1,1,0,0,1,1,0,1,0,0,1,0,0,0
31,0.0151757893167,1,806,1,0,1,0,0,1,1,0,1,0,0,0,1,0,0
39,0,1,807,0,0,1,1,0,1,1,0,1,0,0,0,1,0,0
18,0.0151757893167,1,808,1,0,1,0,0,1,0,1,0,0,0,0,0,0,0
39,0.0253743101115,1,809,0.5,0,1,0,0,1,1,0,1,0,0,0,1,0,0
33,0.103644297456,1,810,0,1,0,0.428571428571,0,1,0,0,0,1,0,0,1,0,0
26,0.0153953746927,1,811,1,0,1,0,0,1,1,0,1,0,0,1,0,0,0
39,0.0471376607072,1,812,1,0,1,0,0,1,1,0,1,0,0,0,1,0,0
35,0.0204946350901,1,813,0.5,0,1,0,0,1,1,0,1,0,0,0,1,0,0
6,0.0610447345184,1,814,1,0,0,0,0,1,0,1,0,0,0,0,0,0,0
30.5,0.0157125535691,1,815,1,0,1,0,0,1,1,0,1,0,0,0,1,0,0
37,0,1,816,0,0,1,0.857142857143,0,1,1,0,1,0,0,0,1,0,0
23,0.015468569818,1,817,1,0,1,0,0,1,0,1,0,0,0,1,0,0,0
31,0.0722273881715,1,818,0.5,0,0,0,0,0,1,0,1,0,0,0,1,0,0
43,0.0125895615553,1,819,1,0,1,0,0,1,1,0,1,0,0,0,1,0,0
10,0.0544571732394,1,820,1,0,0,0,0,1,1,0,0,0,0,0,0,0,0
52,0.182499845802,1,821,0,1,0,0.857142857143,0,1,0,0,0,1,0,0,0,1,0
27,0.0169080739493,1,822,1,1,1,0,0,1,1,0,1,0,0,1,0,0,0
38,0,1,823,0,0,1,0,0,1,1,0,0,0,1,0,1,0,0
27,0.024349578357,1,824,1,1,0,0.428571428571,0,1,0,0,0,1,0,1,0,0,0
2,0.0774648409655,1,825,1,0,0,0,0,1,1,0,0,0,0,0,0,0,0
24,0.0135654965596,1,826,1,0,1,0,1,0,1,0,1,0,0,1,0,0,0
24,0.110272457631,1,827,1,0,1,0,0,1,1,0,1,0,0,1,0,0,0
1,0.0722273881715,1,828,0.5,1,0,0,0,0,1,0,0,0,0,0,0,0,0
24,0.0151269925665,1,829,1,1,1,0,1,0,1,0,1,0,0,1,0,0,0
62,0.156149600686,1,830,0,1,1,0.857142857143,0,1,0,0,0,1,0,0,0,1,0
15,0.028212719478,1,831,1,1,0,0,0,0,0,0,0,1,0,0,0,0,0
0.83,0.0365975626609,1,832,0.5,1,0,0,0,1,1,0,0,0,0,0,0,0,0
24,0.014110458666,1,833,1,0,1,0,0,0,1,0,1,0,0,1,0,0,0
23,0.0153303774214,1,834,1,0,1,0,0,1,1,0,1,0,0,1,0,0,0
18,0.0162005210712,1,835,1,0,1,0,0,1,1,0,1,0,0,0,0,0,0
39,0.162314191735,1,836,0,1,0,0.428571428571,0,0,0,1,0,0,0,0,1,0,0
21,0.0169080739493,1,837,1,0,1,0,0,1,1,0,1,0,0,1,0,0,0
24,0.0157125535691,1,838,1,0,1,0,0,1,1,0,1,0,0,1,0,0,0
32,0.110272457631,1,839,1,1,1,0,0,1,1,0,1,0,0,0,1,0,0
37,0.0579705392548,1,840,0,1,1,0.714285714286,0,0,1,0,1,0,0,0,1,0,0
20,0.015468569818,1,841,1,0,1,0,0,1,1,0,1,0,0,1,0,0,0
16,0.0204946350901,1,842,0.5,0,1,0,0,1,1,0,1,0,0,0,0,0,0
30,0.060507970266,1,843,0,1,1,0,0,0,0,1,0,0,0,1,0,0,0
34.5,0.0125651631802,1,844,1,0,1,0,0,0,1,0,1,0,0,0,1,0,0
17,0.0169080739493,1,845,1,0,1,0,0,1,1,0,1,0,0,0,0,0,0
42,0.0147366185648,1,846,1,0,1,0,0,1,1,0,1,0,0,0,1,0,0
24,0.135752559097,1,847,1,0,0,0,0,1,1,0,1,0,0,1,0,0,0
35,0.0154115752137,1,848,1,0,1,0,0,0,1,0,1,0,0,0,1,0,0
28,0.0644117102832,1,849,0.5,0,0,0,0,1,1,0,0,0,1,1,0,0,0
37,0.173919815619,1,850,0,1,0,0.714285714286,0,0,0,0,0,1,0,0,1,0,0
4,0.0610447345184,1,851,1,0,0,0,0,1,1,0,0,0,0,0,0,0,0
74,0.0151757893167,1,852,1,0,1,0,0,1,1,0,1,0,0,0,0,0,1
9,0.0297578197768,1,853,1,0,0,0,0,0,0,1,0,0,0,0,0,0,0
16,0.0769036783381,1,854,0,1,0,0.571428571429,0,1,0,1,0,0,0,0,0,0,0
44,0.0507486202231,1,855,0.5,0,0,0,0,1,0,0,0,1,0,0,1,0,0
18,0.0182499845802,1,856,1,1,0,0,0,1,0,0,0,1,0,0,0,0,0
45,0.321798367144,1,857,0,1,0,0,0,1,0,0,0,1,0,0,1,0,0
51,0.0518221487278,1,858,0,1,1,0.428571428571,0,1,1,0,1,0,0,0,0,1,0
24,0.0375896981862,1,859,1,1,0,0,0,0,0,0,0,1,0,1,0,0,0
24,0.014110458666,1,860,1,0,1,0,0,0,1,0,1,0,0,1,0,0,0
41,0.0275375676421,1,861,1,0,0,0,0,1,1,0,1,0,0,0,1,0,0
21,0.0224465050987,1,862,0.5,0,0,0,0,1,1,0,1,0,0,1,0,0,0
48,0.0506104278265,1,863,0,1,1,0.571428571429,0,1,0,0,0,1,0,0,0,1,0
24,0.135752559097,1,864,1,0,0,0,0,1,0,1,0,0,0,1,0,0,0
24,0.0253743101115,1,865,0.5,0,1,0,0,1,1,0,1,0,0,1,0,0,0
42,0.0253743101115,1,866,0.5,1,1,0,0,1,0,0,0,1,0,0,1,0,0
27,0.0270496001399,1,867,0.5,1,0,0,0,0,0,1,0,0,0,1,0,0,0
31,0.0985612375793,1,868,0,0,1,1,0,1,1,0,1,0,0,0,1,0,0
24,0.0185427650815,1,869,1,0,1,0,0,1,1,0,1,0,0,1,0,0,0
4,0.0217307543665,1,870,1,1,0,0,0,1,1,0,0,0,0,0,0,0,0
26,0.0154115752137,1,871,1,0,1,0,0,1,1,0,1,0,0,1,0,0,0
47,0.102578966805,1,872,0,1,0,0.571428571429,0,1,0,0,0,1,0,0,0,1,0
33,0.0097593500429,1,873,0,0,1,0.857142857143,0,1,1,0,1,0,0,0,1,0,0
47,0.0175668300772,1,874,1,0,1,0,0,1,1,0,1,0,0,0,0,1,0
28,0.0468448802059,1,875,0.5,1,0,0,0,0,0,0,0,1,0,1,0,0,0
15,0.014102260812,1,876,1,1,1,0,0,0,0,1,0,0,0,0,0,0,0
20,0.0192177217305,1,877,1,0,1,0,0,1,1,0,1,0,0,1,0,0,0
19,0.0154115752137,1,878,1,0,1,0,0,1,1,0,1,0,0,0,0,0,0
24,0.0154115752137,1,879,1,0,1,0,0,1,1,0,1,0,0,1,0,0,0
56,0.162314191735,1,880,0,1,0,0.714285714286,0,0,0,0,0,1,0,0,0,1,0
25,0.0507486202231,1,881,0.5,1,0,0,0,1,0,0,0,1,0,1,0,0,0
33,0.0154115752137,1,882,1,0,1,0,0,1,1,0,1,0,0,0,1,0,0
22,0.0205272313192,1,883,1,0,1,0,0,1,0,1,0,0,0,1,0,0,0
28,0.0204946350901,1,884,0.5,0,1,0,0,1,1,0,1,0,0,1,0,0,0
25,0.0137606835605,1,885,1,0,1,0,0,1,1,0,1,0,0,1,0,0,0
39,0.0568482139999,1,886,1,0,0,0,1,0,0,0,0,1,0,0,1,0,0
27,0.0253743101115,1,887,0.5,0,1,0,0,1,1,0,0,0,1,1,0,0,0
19,0.0585561002574,1,888,0,1,1,0.857142857143,0,1,0,1,0,0,0,0,0,0,0
24,0.0457713517012,1,889,1,0,0,0,0,1,0,1,0,0,0,1,0,0,0
26,0.0585561002574,1,890,0,1,1,0.714285714286,0,0,1,0,1,0,0,1,0,0,0
32,0.0151269925665,1,891,1,0,1,0,1,0,1,0,1,0,0,0,1,0,0
34.5,0.0152815806712,0,892,1,,1,0,1,0,1,0,1,0,0,0,1,0,0
47,0.0136630900601,0,893,1,,0,0,0,1,0,0,0,1,0,0,0,1,0
62,0.0189087407081,0,894,0.5,,1,0,1,0,1,0,1,0,0,0,0,1,0
27,0.0169080739493,0,895,1,,1,0,0,1,1,0,1,0,0,1,0,0,0
22,0.0239836027304,0,896,1,,0,0,0,1,0,0,0,1,0,1,0,0,0
14,0.0180060008292,0,897,1,,1,0,0,1,1,0,1,0,0,0,0,0,0
30,0.0148912066695,0,898,1,,1,0,1,0,0,1,0,0,0,1,0,0,0
26,0.0566042302488,0,899,0.5,,0,0,0,1,1,0,1,0,0,1,0,0,0
18,0.014110458666,0,900,1,,1,0,0,0,0,0,0,1,0,0,0,0,0
21,0.0471376607072,0,901,1,,0,0,0,1,1,0,1,0,0,1,0,0,0
25,0.0154115752137,0,902,1,,1,0,0,1,1,0,1,0,0,1,0,0,0
46,0.0507486202231,0,903,0,,1,0,0,1,1,0,1,0,0,0,0,1,0
23,0.160573904435,0,904,0,,0,0.857142857143,0,1,0,0,0,1,0,1,0,0,0
63,0.0507486202231,0,905,0.5,,0,0,0,1,1,0,1,0,0,0,0,1,0
47,0.119405647775,0,906,0,,0,0.428571428571,0,1,0,0,0,1,0,0,0,1,0
24,0.0541073981339,0,907,0.5,,0,0,0,0,0,0,0,1,0,1,0,0,0
35,0.024105594606,0,908,0.5,,1,0,1,0,1,0,1,0,0,0,1,0,0
21,0.014102260812,0,909,1,,1,0,0,0,1,0,1,0,0,1,0,0,0
27,0.015468569818,0,910,1,,0,0,0,1,0,1,0,0,0,1,0,0,0
45,0.014102260812,0,911,1,,1,0,0,0,0,0,0,1,0,0,1,0,0
55,0.11594107851,0,912,0,,0,0,0,0,1,0,1,0,0,0,0,1,0
9,0.00618898942321,0,913,1,,0,0,0,1,1,0,0,0,0,0,0,0,0
39,0.0618416830429,0,914,0,,1,0,0,1,0,0,0,1,0,0,1,0,0
21,0.119804219631,0,915,0,,0,0,0,0,1,0,1,0,0,1,0,0,0
48,0.512121893501,0,916,0,,0,0.857142857143,0,0,0,0,0,1,0,0,0,1,0
50,0.0283021151244,0,917,1,,0,0,0,1,1,0,1,0,0,0,0,1,0
22,0.120975341636,0,918,0,,0,0.857142857143,0,0,0,1,0,0,0,1,0,0,0
22.5,0.014102260812,0,919,1,,1,0,0,0,1,0,1,0,0,1,0,0,0
41,0.0595320352617,0,920,0,,1,1,0,1,1,0,1,0,0,0,1,0,0
25,0.04231498029,0,921,1,,0,0,0,0,1,0,1,0,0,1,0,0,0
50,0.0507486202231,0,922,0.5,,0,0,0,1,1,0,1,0,0,0,0,1,0
24,0.0614839052703,0,923,0.5,,0,0,0,1,1,0,1,0,0,1,0,0,0
33,0.0401597254265,0,924,1,,0,0,0,1,0,0,0,1,0,0,1,0,0
25,0.0457713517012,0,925,1,,0,0,0,1,0,0,0,1,0,1,0,0,0
30,0.112720492996,0,926,0,,0,0.714285714286,0,0,1,0,1,0,0,1,0,0,0
18.5,0.014110458666,0,927,1,,1,0,0,0,1,0,1,0,0,0,0,0,0
25,0.0157125535691,0,928,1,,1,0,0,1,0,1,0,0,0,1,0,0,0
21,0.0169080739493,0,929,1,,1,0,0,1,0,1,0,0,0,1,0,0,0
25,0.0185427650815,0,930,1,,1,0,0,1,1,0,1,0,0,1,0,0,0
25,0.110272457631,0,931,1,,1,0,0,1,1,0,1,0,0,1,0,0,0
39,0.0261876543441,0,932,1,,0,0,0,0,1,0,1,0,0,0,1,0,0
39,0.0518221487278,0,933,0,,1,0.571428571429,0,1,1,0,1,0,0,0,1,0,0
41,0.0153221795674,0,934,1,,1,0,0,1,1,0,1,0,0,0,1,0,0
30,0.0253743101115,0,935,0.5,,1,0,0,1,0,0,0,1,0,1,0,0,0
45,0.102578966805,0,936,0,,0,0.571428571429,0,1,0,0,0,1,0,0,1,0,0
25,0.015468569818,0,937,1,,1,0,0,1,1,0,1,0,0,1,0,0,0
45,0.0579705392548,0,938,0,,1,1,0,0,1,0,1,0,0,0,1,0,0
25,0.0151269925665,0,939,1,,1,0,1,0,1,0,1,0,0,1,0,0,0
60,0.148911481134,0,940,0,,1,0.571428571429,0,0,0,0,0,1,0,0,0,1,0
36,0.0310347331364,0,941,1,,0,0,0,1,0,0,0,1,0,0,1,0,0
24,0.117112200515,0,942,0,,0,0.714285714286,0,1,1,0,1,0,0,1,0,0,0
27,0.0293430474,0,943,0.5,,1,0,0,0,1,0,1,0,0,1,0,0,0
20,0.0448930101973,0,944,0.5,,0,0,0,1,0,1,0,0,0,1,0,0,0
28,0.513341812257,0,945,0,,0,0.714285714286,0,1,0,1,0,0,0,1,0,0,0
28,0.0304085732377,0,946,0.5,,1,0,0,0,1,0,1,0,0,1,0,0,0
10,0.0568482139999,0,947,1,,0,0,1,0,1,0,0,0,0,0,0,0,0
35,0.0154115752137,0,948,1,,1,0,0,1,1,0,1,0,0,0,1,0,0
25,0.0149318055656,0,949,1,,1,0.285714285714,0,1,1,0,1,0,0,1,0,0,0
25,0.0314251071381,0,950,1,,0,0,0,1,1,0,1,0,0,1,0,0,0
36,0.512121893501,0,951,0,,1,0.857142857143,0,0,0,1,0,0,0,0,1,0,0
17,0.0154115752137,0,952,1,,1,0,0,1,1,0,1,0,0,0,0,0,0
32,0.0263502451158,0,953,0.5,,1,0,0,1,1,0,1,0,0,0,1,0,0
18,0.0151269925665,0,954,1,,1,0,0,1,1,0,1,0,0,0,0,0,0
22,0.0150781958163,0,955,1,,1,0,1,0,0,1,0,0,0,1,0,0,0
13,0.512121893501,0,956,0,,0,0.857142857143,0,0,1,0,0,0,0,0,0,0,0
28,0.0409892701802,0,957,0.5,,1,0,0,1,0,0,0,1,0,1,0,0,0
18,0.0153791741716,0,958,1,,1,0,1,0,0,1,0,0,0,0,0,0,0
47,0.0827592883638,0,959,0,,1,0,0,1,1,0,1,0,0,0,0,1,0
31,0.0557014903699,0,960,0,,1,0.714285714286,0,0,1,0,1,0,0,0,1,0,0
60,0.513341812257,0,961,0,,0,0.714285714286,0,1,0,0,0,1,0,0,0,1,0
24,0.0151269925665,0,962,1,,1,0,1,0,0,1,0,0,0,1,0,0,0
21,0.0154115752137,0,963,1,,1,0,0,1,1,0,1,0,0,1,0,0,0
29,0.015468569818,0,964,1,,1,0,0,1,0,1,0,0,0,1,0,0,0
28.5,0.0541073981339,0,965,0,,1,0.571428571429,0,0,1,0,1,0,0,1,0,0,0
35,0.412820506815,0,966,0,,1,0.714285714286,0,0,0,1,0,0,0,0,1,0,0
32.5,0.412820506815,0,967,0,,1,0.714285714286,0,0,1,0,1,0,0,0,1,0,0
25,0.0157125535691,0,968,1,,1,0,0,1,1,0,1,0,0,1,0,0,0
55,0.0501630592205,0,969,0,,0,0.714285714286,0,1,0,0,0,1,0,0,0,1,0
30,0.0253743101115,0,970,0.5,,1,0,0,1,1,0,1,0,0,1,0,0,0
24,0.0151269925665,0,971,1,,1,0,1,0,0,1,0,0,0,1,0,0,0
6,0.0297578197768,0,972,1,,0,0,0,0,1,0,0,0,0,0,0,0,0
67,0.432884169007,0,973,0,,0,0.714285714286,0,1,1,0,1,0,0,0,0,0,1
49,0.0507486202231,0,974,0,,1,0,0,1,1,0,1,0,0,0,0,1,0
25,0.0154115752137,0,975,1,,1,0,0,1,1,0,1,0,0,1,0,0,0
28,0.0209012096129,0,976,0.5,,1,0,1,0,1,0,1,0,0,1,0,0,0
25,0.028212719478,0,977,1,,0,0,0,0,1,0,1,0,0,1,0,0,0
27,0.0153791741716,0,978,1,,1,0,1,0,0,1,0,0,0,1,0,0,0
18,0.0157125535691,0,979,1,,1,0,0,1,0,1,0,0,0,0,0,0,0
25,0.0151269925665,0,980,1,,1,0,1,0,0,1,0,0,0,1,0,0,0
2,0.0448930101973,0,981,0.5,,0,0,0,1,1,0,0,0,0,0,0,0,0
22,0.0271309931193,0,982,1,,0,0,0,1,0,0,0,1,0,1,0,0,0
25,0.0151757893167,0,983,1,,1,0,0,1,1,0,1,0,0,1,0,0,0
27,0.101497240446,0,984,0,,0,0.857142857143,0,1,0,0,0,1,0,1,0,0,0
25,0.0157125535691,0,985,1,,1,0,0,1,1,0,1,0,0,1,0,0,0
25,0.0507486202231,0,986,0,,1,0,0,0,1,0,1,0,0,1,0,0,0
25,0.0152163882129,0,987,1,,1,0,0,1,1,0,1,0,0,1,0,0,0
76,0.153904950177,0,988,0,,0,0.714285714286,0,1,0,0,0,1,0,0,0,0,1
29,0.015468569818,0,989,1,,1,0,0,1,1,0,1,0,0,1,0,0,0
20,0.0153303774214,0,990,1,,1,0,0,1,0,1,0,0,0,1,0,0,0
33,0.0157125535691,0,991,1,,1,0,0,1,1,0,1,0,0,0,1,0,0
43,0.108214991455,0,992,0,,0,0.714285714286,0,0,0,0,0,1,0,0,1,0,0
27,0.0507486202231,0,993,0.5,,0,0,0,1,1,0,1,0,0,1,0,0,0
25,0.0151269925665,0,994,1,,1,0,1,0,1,0,1,0,0,1,0,0,0
26,0.0151757893167,0,995,1,,1,0,0,1,1,0,1,0,0,1,0,0,0
16,0.0166234913021,0,996,1,,0,0,0,0,0,0,0,1,0,0,0,0,0
28,0.0439658719433,0,997,1,,1,0,0,1,1,0,1,0,0,1,0,0,0
21,0.0152651849631,0,998,1,,1,0,1,0,1,0,1,0,0,1,0,0,0
25,0.0151269925665,0,999,1,,1,0,1,0,1,0,1,0,0,1,0,0,0
25,0.0170056674498,0,1000,1,,1,0,0,1,1,0,1,0,0,1,0,0,0
18.5,0.0253743101115,0,1001,0.5,,1,0.285714285714,0,1,1,0,1,0,0,0,0,0,0
41,0.0293674457751,0,1002,0.5,,1,0,0,0,1,0,1,0,0,0,1,0,0
25,0.0151839871707,0,1003,1,,1,0,1,0,0,1,0,0,0,1,0,0,0
36,0.0618336803758,0,1004,0,,1,1,0,0,0,1,0,0,0,0,1,0,0
18.5,0.0142160548335,0,1005,1,,1,0,1,0,0,1,0,0,0,0,0,0,0
63,0.432884169007,0,1006,0,,0,0.714285714286,0,1,0,0,0,1,0,0,0,1,0
18,0.028212719478,0,1007,1,,0,0,0,0,1,0,1,0,0,0,0,0,0
25,0.0125651631802,0,1008,1,,1,0,0,0,1,0,1,0,0,1,0,0,0
1,0.0325962291433,0,1009,1,,0,0.142857142857,0,1,0,1,0,0,0,0,0,0,0
36,0.146862017625,0,1010,0,,1,0.714285714286,0,0,1,0,1,0,0,0,1,0,0
29,0.0507486202231,0,1011,0.5,,0,0,0,1,0,0,0,1,0,1,0,0,0
12,0.0307419526351,0,1012,0.5,,1,0,0,1,0,1,0,0,0,0,0,0,0
25,0.0151269925665,0,1013,1,,0,0,1,0,1,0,1,0,0,1,0,0,0
35,0.112720492996,0,1014,0,,0,0.714285714286,0,0,0,0,0,1,0,0,1,0,0
28,0.0141510575622,0,1015,1,,1,0,0,1,1,0,1,0,0,1,0,0,0
25,0.0151269925665,0,1016,1,,1,0,1,0,1,0,1,0,0,1,0,0,0
17,0.0314251071381,0,1017,1,,0,0,0,1,0,1,0,0,0,0,0,0,0
22,0.0152163882129,0,1018,1,,1,0,0,1,1,0,1,0,0,1,0,0,0
25,0.0453809776995,0,1019,1,,0,0,1,0,0,1,0,0,0,1,0,0,0
42,0.0253743101115,0,1020,0.5,,1,0,0,1,1,0,1,0,0,0,1,0,0
24,0.0157125535691,0,1021,1,,1,0,0,1,1,0,1,0,0,1,0,0,0
32,0.0157125535691,0,1022,1,,1,0,0,1,1,0,1,0,0,0,1,0,0
53,0.0556282952445,0,1023,0,,1,0.714285714286,0,0,1,0,0,0,1,0,0,1,0
25,0.0497076879475,0,1024,1,,0,0,0,1,0,0,0,1,0,1,0,0,0
25,0.0125651631802,0,1025,1,,0,0,0,0,1,0,1,0,0,1,0,0,0
43,0.0154115752137,0,1026,1,,1,0,0,1,1,0,1,0,0,0,1,0,0
24,0.0153303774214,0,1027,1,,1,0,0,1,1,0,1,0,0,1,0,0,0
26.5,0.014102260812,0,1028,1,,1,0,0,0,1,0,1,0,0,1,0,0,0
26,0.0253743101115,0,1029,0.5,,1,0,0,1,1,0,1,0,0,1,0,0,0
23,0.0157125535691,0,1030,1,,1,0,0,1,0,1,0,0,0,1,0,0,0
40,0.0915427034024,0,1031,1,,0,0,0,1,1,0,1,0,0,0,1,0,0
10,0.0915427034024,0,1032,1,,0,0,0,1,0,1,0,0,0,0,0,0,0
33,0.2958058998,0,1033,0,,1,0,0,1,0,1,0,0,0,0,1,0,0
61,0.512121893501,0,1034,0,,0,0.857142857143,0,0,1,0,1,0,0,0,0,1,0
28,0.0507486202231,0,1035,0.5,,1,0,0,1,1,0,1,0,0,1,0,0,0
42,0.0518221487278,0,1036,0,,1,0,0,1,1,0,1,0,0,0,1,0,0
31,0.0351336601544,0,1037,1,,0,0,0,1,1,0,1,0,0,0,1,0,0
39,0.10122885832,0,1038,0,,1,0.428571428571,0,1,1,0,1,0,0,0,1,0,0
22,0.0157125535691,0,1039,1,,1,0,0,1,1,0,1,0,0,1,0,0,0
39,0.0518221487278,0,1040,0,,1,0,0,1,1,0,1,0,0,0,1,0,0
30,0.0507486202231,0,1041,0.5,,0,0,0,1,1,0,0,0,1,1,0,0,0
23,0.162314191735,0,1042,0,,0,0.714285714286,0,0,0,0,0,1,0,1,0,0,0
25,0.0154115752137,0,1043,1,,1,0,0,0,1,0,1,0,0,1,0,0,0
60.5,0.0151269925665,0,1044,1,,1,0,0,1,1,0,1,0,0,0,0,1,0
36,0.0237802178755,0,1045,1,,0,0,0,1,0,0,0,1,0,0,1,0,0
13,0.0612643198943,0,1046,1,,0,0,0,1,1,0,0,0,0,0,0,0,0
24,0.0147366185648,0,1047,1,,1,0,0,1,1,0,1,0,0,1,0,0,0
29,0.432884169007,0,1048,0,,1,0.714285714286,0,1,0,1,0,0,0,1,0,0,0
23,0.0153303774214,0,1049,1,,1,0,0,1,0,1,0,0,0,1,0,0,0
42,0.0518221487278,0,1050,0,,1,0.571428571429,0,1,1,0,1,0,0,0,1,0,0
26,0.0268870093682,0,1051,1,,0,0,0,1,0,0,0,1,0,1,0,0,0
25,0.0150943963374,0,1052,1,,1,0,1,0,0,1,0,0,0,1,0,0,0
7,0.0297578197768,0,1053,1,,0,0,0,0,1,0,0,0,0,0,0,0,0
26,0.0263502451158,0,1054,0.5,,1,0,0,1,0,1,0,0,0,1,0,0,0
25,0.0136630900601,0,1055,1,,1,0,0,1,1,0,1,0,0,1,0,0,0
41,0.0253743101115,0,1056,0.5,,1,0,0,1,1,0,0,0,1,0,1,0,0
26,0.042989936939,0,1057,1,,0,0,0,1,0,0,0,1,0,1,0,0,0
48,0.0985612375793,0,1058,0,,1,0.857142857143,0,0,1,0,1,0,0,0,0,1,0
18,0.067095531545,0,1059,1,,0,0,0,1,1,0,1,0,0,0,0,0,0
39,0.0541073981339,0,1060,0,,1,0,0,0,0,0,0,1,0,0,1,0,0
22,0.0174936349519,0,1061,1,,1,0,0,1,0,1,0,0,0,1,0,0,0
25,0.0147366185648,0,1062,1,,1,0,0,1,1,0,1,0,0,1,0,0,0
27,0.014102260812,0,1063,1,,1,0,0,0,1,0,1,0,0,1,0,0,0
23,0.0271309931193,0,1064,1,,0,0,0,1,1,0,1,0,0,1,0,0,0
25,0.014110458666,0,1065,1,,1,0,0,0,1,0,1,0,0,1,0,0,0
40,0.0612643198943,0,1066,1,,0,0,0,1,1,0,1,0,0,0,1,0,0
15,0.0761229303346,0,1067,0.5,,0,0,0,1,0,1,0,0,0,0,0,0,0
20,0.0717312228153,0,1068,0.5,,1,0,0,1,0,1,0,0,0,1,0,0,0
54,0.108214991455,0,1069,0,,0,0.714285714286,0,0,1,0,1,0,0,0,0,1,0
36,0.0761229303346,0,1070,0.5,,0,0.285714285714,0,1,0,0,0,1,0,0,1,0,0
64,0.162314191735,0,1071,0,,0,0.428571428571,0,0,0,0,0,1,0,0,0,0,1
30,0.0253743101115,0,1072,0.5,,1,0,0,1,1,0,1,0,0,1,0,0,0
37,0.162314191735,0,1073,0,,0,0.428571428571,0,0,1,0,1,0,0,0,1,0,0
18,0.103644297456,0,1074,0,,0,0.571428571429,0,1,0,0,0,1,0,0,0,0,0
25,0.0151269925665,0,1075,1,,1,0,1,0,1,0,1,0,0,1,0,0,0
27,0.48312842602,0,1076,0,,0,0.857142857143,0,0,0,0,0,1,0,1,0,0,0
40,0.0312299201373,0,1077,0.5,,1,0,0,1,1,0,1,0,0,0,1,0,0
21,0.0409892701802,0,1078,0.5,,0,0,0,1,0,1,0,0,0,1,0,0,0
17,0.0157125535691,0,1079,1,,0,0,0,1,1,0,1,0,0,0,0,0,0
25,0.135752559097,0,1080,1,,0,0,0,1,0,1,0,0,0,1,0,0,0
40,0.0253743101115,0,1081,0.5,,1,0,0,1,1,0,1,0,0,0,1,0,0
34,0.0507486202231,0,1082,0.5,,0,0,0,1,1,0,1,0,0,0,1,0,0
39,0.0507486202231,0,1083,0,,1,0,0,1,1,0,1,0,0,0,1,0,0
11.5,0.0283021151244,0,1084,1,,0,0,0,1,1,0,0,0,0,0,0,0,0
61,0.024105594606,0,1085,0.5,,1,0,1,0,1,0,1,0,0,0,0,1,0
8,0.0634357752789,0,1086,0.5,,0,0,0,1,1,0,0,0,0,0,0,0,0
33,0.0153303774214,0,1087,1,,1,0,0,1,1,0,1,0,0,0,1,0,0
6,0.262526516154,0,1088,0,,0,0.428571428571,0,0,1,0,0,0,0,0,0,0,0
18,0.0151757893167,0,1089,1,,1,0,0,1,0,1,0,0,0,0,0,0,0
23,0.0204946350901,0,1090,0.5,,1,0,0,1,1,0,1,0,0,1,0,0,0
25,0.0158345454446,0,1091,1,,1,0,0,1,0,0,0,1,0,1,0,0,0
25,0.030253985133,0,1092,1,,1,0,1,0,0,1,0,0,0,1,0,0,0
0.33,0.0281069281236,0,1093,1,,0,0,0,1,1,0,0,0,0,0,0,0,0
47,0.444099223702,0,1094,0,,0,0.714285714286,0,0,1,0,0,0,1,0,0,1,0
8,0.0507486202231,0,1095,0.5,,0,0,0,1,0,1,0,0,0,0,0,0,0
25,0.0204946350901,0,1096,0.5,,1,0,0,1,1,0,1,0,0,1,0,0,0
39,0.0502444521999,0,1097,0,,1,0,0,0,1,0,1,0,0,0,1,0,0
35,0.0151269925665,0,1098,1,,1,0,1,0,0,1,0,0,0,0,1,0,0
24,0.0204946350901,0,1099,0.5,,1,0,0,1,1,0,1,0,0,1,0,0,0
33,0.0541073981339,0,1100,0,,1,1,0,0,0,1,0,0,0,0,1,0,0
25,0.0154115752137,0,1101,1,,1,0,0,1,1,0,1,0,0,1,0,0,0
32,0.0439658719433,0,1102,1,,1,0,0,1,1,0,1,0,0,0,1,0,0
25,0.0137606835605,0,1103,1,,1,0,0,1,1,0,1,0,0,1,0,0,0
17,0.143462445631,0,1104,0.5,,1,0,0,1,1,0,1,0,0,0,0,0,0
60,0.0507486202231,0,1105,0.5,,0,0,0,1,0,0,0,1,0,0,0,1,0
38,0.0151757893167,0,1106,1,,0,0,0,1,0,1,0,0,0,0,1,0,0
42,0.0829544753647,0,1107,0,,1,0.857142857143,0,1,1,0,1,0,0,0,1,0,0
25,0.0153791741716,0,1108,1,,1,0,1,0,0,1,0,0,0,1,0,0,0
57,0.321798367144,0,1109,0,,0,0,0,1,1,0,1,0,0,0,0,1,0
50,0.412820506815,0,1110,0,,0,0.714285714286,0,0,0,0,0,1,0,0,0,1,0
25,0.0157125535691,0,1111,1,,1,0,0,1,1,0,1,0,0,1,0,0,0
30,0.0270496001399,0,1112,0.5,,0,0,0,0,0,1,0,0,0,1,0,0,0
21,0.0157125535691,0,1113,1,,1,0,0,1,1,0,1,0,0,1,0,0,0
22,0.0204946350901,0,1114,0.5,,1,0.285714285714,0,1,0,0,0,1,0,1,0,0,0
21,0.0152163882129,0,1115,1,,1,0,0,1,1,0,1,0,0,1,0,0,0
53,0.0535706338815,0,1116,0,,1,0,0,0,0,0,0,1,0,0,0,1,0
25,0.0297578197768,0,1117,1,,0,0,0,0,0,0,0,1,0,1,0,0,0
23,0.0152163882129,0,1118,1,,1,0,0,1,1,0,1,0,0,1,0,0,0
25,0.0151269925665,0,1119,1,,1,0,1,0,0,1,0,0,0,1,0,0,0
40.5,0.0294732371296,0,1120,1,,1,0,0,1,1,0,1,0,0,0,1,0,0
36,0.0253743101115,0,1121,0.5,,1,0,0,1,1,0,1,0,0,0,1,0,0
14,0.126871550558,0,1122,0.5,,1,0,0,1,1,0,1,0,0,0,0,0,0
21,0.0518221487278,0,1123,0,,1,0,0,1,0,1,0,0,0,1,0,0,0
21,0.0126789572017,0,1124,1,,0,0,0,1,1,0,1,0,0,1,0,0,0
25,0.0153791741716,0,1125,1,,1,0,1,0,1,0,1,0,0,1,0,0,0
39,0.139135735383,0,1126,0,,0,0.714285714286,0,0,1,0,1,0,0,0,1,0,0
20,0.0153303774214,0,1127,1,,1,0,0,1,1,0,1,0,0,1,0,0,0
64,0.146878218146,0,1128,0,,0,0.571428571429,0,0,1,0,1,0,0,0,0,0,1
20,0.014102260812,0,1129,1,,1,0,0,0,1,0,1,0,0,1,0,0,0
18,0.0253743101115,0,1130,0.5,,0,0,0,1,0,1,0,0,0,0,0,0,0
48,0.207727765663,0,1131,0,,0,0.714285714286,0,0,0,0,0,1,0,0,0,1,0
55,0.0541073981339,0,1132,0,,1,0,0,0,0,0,0,1,0,0,0,1,0
45,0.0585561002574,0,1133,0.5,,0,0,0,1,0,0,0,1,0,0,1,0,0
45,0.262526516154,0,1134,0,,0,0.428571428571,0,0,1,0,1,0,0,0,1,0,0
25,0.0153953746927,0,1135,1,,1,0,0,1,1,0,1,0,0,1,0,0,0
25,0.0457713517012,0,1136,1,,0,0,0,1,1,0,0,0,0,1,0,0,0
41,0.10122885832,0,1137,0,,0,0.571428571429,0,1,1,0,1,0,0,0,1,0,0
22,0.0409892701802,0,1138,0.5,,1,0,0,1,0,0,0,1,0,1,0,0,0
42,0.0634357752789,0,1139,0.5,,0,0,0,1,1,0,1,0,0,0,1,0,0
29,0.0507486202231,0,1140,0.5,,0,0,0,1,0,0,0,1,0,1,0,0,0
25,0.028212719478,0,1141,1,,0,0,0,0,0,0,0,1,0,1,0,0,0
0.92,0.0541643927381,0,1142,0.5,,0,0,0,1,0,1,0,0,0,0,0,0,0
20,0.015468569818,0,1143,1,,1,0,0,1,1,0,1,0,0,1,0,0,0
27,0.266975218278,0,1144,0,,0,0.714285714286,0,0,1,0,1,0,0,1,0,0,0
24,0.01820118783,0,1145,1,,1,0,0,1,1,0,1,0,0,1,0,0,0
32.5,0.0185427650815,0,1146,1,,1,0,0,1,1,0,1,0,0,0,1,0,0
25,0.0147366185648,0,1147,1,,1,0,0,1,1,0,1,0,0,1,0,0,0
25,0.0151269925665,0,1148,1,,1,0,1,0,1,0,1,0,0,1,0,0,0
28,0.0157125535691,0,1149,1,,1,0,0,1,1,0,1,0,0,1,0,0,0
19,0.0253743101115,0,1150,0.5,,1,0,0,1,0,1,0,0,0,0,0,0,0
21,0.0151757893167,0,1151,1,,1,0,0,1,1,0,1,0,0,1,0,0,0
36.5,0.0339625381493,0,1152,1,,0,0,0,1,1,0,1,0,0,0,1,0,0
21,0.0153303774214,0,1153,1,,1,0,0,1,1,0,1,0,0,1,0,0,0
29,0.0448930101973,0,1154,0.5,,0,0,0,1,0,0,0,1,0,1,0,0,0
1,0.0237802178755,0,1155,1,,0,0,0,1,0,1,0,0,0,0,0,0,0
30,0.0248619442343,0,1156,0.5,,1,0,0,0,1,0,1,0,0,1,0,0,0
25,0.0154115752137,0,1157,1,,1,0,0,1,1,0,1,0,0,1,0,0,0
39,0,0,1158,0,,1,0,0,1,1,0,1,0,0,0,1,0,0
25,0.0147366185648,0,1159,1,,1,0,0,1,1,0,1,0,0,1,0,0,0
25,0.0157125535691,0,1160,1,,1,0,0,1,0,1,0,0,0,1,0,0,0
17,0.0169080739493,0,1161,1,,1,0,0,1,1,0,1,0,0,0,0,0,0
46,0.146862017625,0,1162,0,,1,0.714285714286,0,0,1,0,1,0,0,0,0,1,0
25,0.0151269925665,0,1163,1,,1,0,1,0,1,0,1,0,0,1,0,0,0
26,0.266975218278,0,1164,0,,0,0.714285714286,0,0,0,0,0,1,0,1,0,0,0
25,0.030253985133,0,1165,1,,0,0,1,0,0,1,0,0,0,1,0,0,0
25,0.014102260812,0,1166,1,,1,0,0,0,1,0,1,0,0,1,0,0,0
20,0.0507486202231,0,1167,0.5,,0,0,0,1,0,1,0,0,0,1,0,0,0
28,0.0204946350901,0,1168,0.5,,1,0,0,1,1,0,1,0,0,1,0,0,0
40,0.0507486202231,0,1169,0.5,,0,0,0,1,1,0,1,0,0,0,1,0,0
30,0.0409892701802,0,1170,0.5,,0,0,0,1,1,0,1,0,0,1,0,0,0
22,0.0204946350901,0,1171,0.5,,1,0,0,1,1,0,1,0,0,1,0,0,0
23,0.0169080739493,0,1172,1,,1,0,0,1,0,1,0,0,0,1,0,0,0
0.75,0.0268870093682,0,1173,1,,0,0,0,1,1,0,0,0,0,0,0,0,0
25,0.0151269925665,0,1174,1,,1,0,1,0,0,1,0,0,0,1,0,0,0
9,0.0297578197768,0,1175,1,,0,0,0,0,0,1,0,0,0,0,0,0,0
2,0.0394521725484,0,1176,1,,0,0,0,1,0,1,0,0,0,0,0,0,0
36,0.0141510575622,0,1177,1,,1,0,0,1,1,0,1,0,0,0,1,0,0
25,0.0141510575622,0,1178,1,,1,0,0,1,1,0,1,0,0,1,0,0,0
24,0.160573904435,0,1179,0,,0,0.857142857143,0,1,1,0,1,0,0,1,0,0,0
25,0.014110458666,0,1180,1,,1,0.428571428571,0,0,1,0,1,0,0,1,0,0,0
25,0.0157125535691,0,1181,1,,1,0,0,1,1,0,1,0,0,1,0,0,0
39,0.0772940523398,0,1182,0,,1,0,0,1,1,0,1,0,0,0,1,0,0
30,0.0135654965596,0,1183,1,,1,0,1,0,0,1,0,0,0,1,0,0,0
25,0.014110458666,0,1184,1,,1,0,0,0,1,0,1,0,0,1,0,0,0
53,0.159776760723,0,1185,0,,0,1,0,1,1,0,0,0,1,0,0,1,0
36,0.0185427650815,0,1186,1,,1,0,0,1,1,0,1,0,0,0,1,0,0
26,0.0154115752137,0,1187,1,,1,0,0,1,1,0,1,0,0,1,0,0,0
1,0.0811571934608,0,1188,0.5,,0,0,0,0,0,1,0,0,0,0,0,0,0
25,0.04231498029,0,1189,1,,0,0,0,0,1,0,1,0,0,1,0,0,0
30,0.0888100853904,0,1190,0,,1,0,0,1,1,0,1,0,0,1,0,0,0
29,0.0153303774214,0,1191,1,,1,0,0,1,1,0,1,0,0,1,0,0,0
32,0.0151757893167,0,1192,1,,1,0,0,1,1,0,1,0,0,0,1,0,0
28,0.0293674457751,0,1193,0.5,,1,0.571428571429,0,0,1,0,1,0,0,1,0,0,0
43,0.0409892701802,0,1194,0.5,,0,0,0,1,1,0,1,0,0,0,1,0,0
24,0.0169080739493,0,1195,1,,1,0,0,1,1,0,1,0,0,1,0,0,0
25,0.0151269925665,0,1196,1,,1,0,1,0,0,1,0,0,0,1,0,0,0
64,0.0518221487278,0,1197,0,,0,0.857142857143,0,1,0,0,0,1,0,0,0,0,1
30,0.2958058998,0,1198,0,,0,0.714285714286,0,1,1,0,1,0,0,1,0,0,0
0.83,0.0182499845802,0,1199,1,,0,0,0,1,1,0,0,0,0,0,0,0,0
55,0.182499845802,0,1200,0,,0,0.857142857143,0,1,1,0,1,0,0,0,0,1,0
45,0.0275375676421,0,1201,1,,0,0,0,1,0,0,0,1,0,0,1,0,0
18,0.0169080739493,0,1202,1,,1,0,0,1,1,0,1,0,0,0,0,0,0
22,0.014102260812,0,1203,1,,1,0,0,0,1,0,1,0,0,1,0,0,0
25,0.014785415315,0,1204,1,,1,0,0,1,1,0,1,0,0,1,0,0,0
37,0.0151269925665,0,1205,1,,1,0,1,0,0,1,0,0,0,0,1,0,0
55,0.264738570435,0,1206,0,,1,0.714285714286,0,0,0,0,0,1,0,0,0,1,0
17,0.0150943963374,0,1207,1,,1,0,1,0,0,1,0,0,0,0,0,0,0
57,0.285989555153,0,1208,0,,0,0.857142857143,0,0,1,0,1,0,0,0,0,1,0
19,0.0204946350901,0,1209,0.5,,1,0,0,1,1,0,1,0,0,0,0,0,0
27,0.0153303774214,0,1210,1,,1,0,0,1,1,0,1,0,0,1,0,0,0
22,0.0614839052703,0,1211,0.5,,0,0,0,1,1,0,1,0,0,1,0,0,0
26,0.0151757893167,0,1212,1,,1,0,0,1,1,0,1,0,0,1,0,0,0
25,0.014110458666,0,1213,1,,1,0.428571428571,0,0,1,0,1,0,0,1,0,0,0
26,0.0253743101115,0,1214,0.5,,1,0.285714285714,0,1,1,0,1,0,0,1,0,0,0
33,0.0518221487278,0,1215,0,,1,0,0,1,1,0,1,0,0,0,1,0,0
39,0.412503327938,0,1216,0,,1,0,0,1,0,1,0,0,0,0,1,0,0
23,0.0137606835605,0,1217,1,,1,0,0,1,1,0,1,0,0,1,0,0,0
12,0.0761229303346,0,1218,0.5,,0,0.285714285714,0,1,0,1,0,0,0,0,0,0,0
46,0.15458810468,0,1219,0,,1,0,0,0,1,0,1,0,0,0,0,1,0
29,0.0507486202231,0,1220,0.5,,0,0,0,1,1,0,1,0,0,1,0,0,0
21,0.0253743101115,0,1221,0.5,,1,0,0,1,1,0,1,0,0,1,0,0,0
48,0.0717312228153,0,1222,0.5,,0,0,0,1,0,0,0,1,0,0,0,1,0
39,0.0579705392548,0,1223,0,,1,1,0,0,1,0,1,0,0,0,1,0,0
25,0.014102260812,0,1224,1,,1,0,0,0,1,0,1,0,0,1,0,0,0
19,0.0307257521141,0,1225,1,,0,0,0,0,0,0,0,1,0,0,0,0,0
27,0.0154115752137,0,1226,1,,1,0,0,1,1,0,1,0,0,1,0,0,0
30,0.0507486202231,0,1227,0,,1,0.714285714286,0,1,1,0,1,0,0,1,0,0,0
32,0.0253743101115,0,1228,0.5,,1,0,0,1,1,0,1,0,0,0,1,0,0
39,0.014110458666,0,1229,1,,0,0,0,0,1,0,1,0,0,0,1,0,0
25,0.0614839052703,0,1230,0.5,,1,0,0,1,1,0,1,0,0,1,0,0,0
25,0.014110458666,0,1231,1,,1,0,0,0,1,0,0,0,0,1,0,0,0
18,0.0204946350901,0,1232,0.5,,1,0,0,1,1,0,1,0,0,0,0,0,0
32,0.014793613169,0,1233,1,,1,0,0,1,1,0,1,0,0,0,1,0,0
25,0.135752559097,0,1234,1,,0,0,0,1,1,0,1,0,0,1,0,0,0
58,1,0,1235,0,,0,0.857142857143,0,0,0,0,0,1,0,0,0,1,0
25,0.0283021151244,0,1236,1,,0,0,0,1,1,0,0,0,0,1,0,0,0
16,0.0149318055656,0,1237,1,,1,0,0,1,0,1,0,0,0,0,0,0,0
26,0.0253743101115,0,1238,0.5,,1,0,0,1,1,0,1,0,0,1,0,0,0
38,0.014110458666,0,1239,1,,1,0,0,0,0,0,0,1,0,0,1,0,0
24,0.0263502451158,0,1240,0.5,,1,0,0,1,1,0,1,0,0,1,0,0,0
31,0.0409892701802,0,1241,0.5,,1,0,0,1,0,1,0,0,0,0,1,0,0
45,0.123667165565,0,1242,0,,0,0.571428571429,0,0,0,0,0,1,0,0,1,0,0
25,0.0204946350901,0,1243,0.5,,1,0,0,1,1,0,1,0,0,1,0,0,0
18,0.143462445631,0,1244,0.5,,1,0,0,1,1,0,1,0,0,0,0,0,0
49,0.126871550558,0,1245,0.5,,0,0,0,1,1,0,1,0,0,0,0,1,0
0.17,0.0401597254265,0,1246,1,,0,0,0,1,0,1,0,0,0,0,0,0,0
50,0.0507486202231,0,1247,0,,1,0.428571428571,0,1,1,0,1,0,0,0,0,1,0
59,0.100480706546,0,1248,0,,0,0.714285714286,0,1,0,0,0,1,0,0,0,1,0
25,0.0153791741716,0,1249,1,,1,0,0,1,1,0,1,0,0,1,0,0,0
25,0.0151269925665,0,1250,1,,1,0,1,0,1,0,1,0,0,1,0,0,0
30,0.0303515786334,0,1251,1,,0,0,0,1,0,0,0,1,0,1,0,0,0
14.5,0.135752559097,0,1252,1,,0,0,0,1,1,0,0,0,0,0,0,0,0
24,0.0722273881715,0,1253,0.5,,0,0,0,0,0,0,0,1,0,1,0,0,0
31,0.0409892701802,0,1254,0.5,,1,0,0,1,0,0,0,1,0,0,1,0,0
27,0.0169080739493,0,1255,1,,1,0,0,1,1,0,1,0,0,1,0,0,0
25,0.108214991455,0,1256,0,,0,0.428571428571,0,0,0,0,0,1,0,1,0,0,0
25,0.135752559097,0,1257,1,,0,0,0,1,0,0,0,1,0,1,0,0,0
25,0.0282207221451,0,1258,1,,0,0,0,0,1,0,1,0,0,1,0,0,0
22,0.0774648409655,0,1259,1,,1,0,0,1,0,1,0,0,0,1,0,0,0
45,0.11594107851,0,1260,0,,0,0,0,0,0,0,0,1,0,0,1,0,0
29,0.0270496001399,0,1261,0.5,,1,0,0,0,1,0,1,0,0,1,0,0,0
21,0.0224465050987,0,1262,0.5,,0,0,0,1,1,0,1,0,0,1,0,0,0
31,0.262526516154,0,1263,0,,1,0.428571428571,0,0,0,1,0,0,0,0,1,0,0
49,0,0,1264,0,,1,0.857142857143,0,1,1,0,1,0,0,0,0,1,0
44,0.0253743101115,0,1265,0.5,,1,0,0,1,1,0,1,0,0,0,1,0,0
54,0.159776760723,0,1266,0,,0,1,0,1,0,0,0,1,0,0,0,1,0
45,0.512121893501,0,1267,0,,1,0,0,0,0,1,0,0,0,0,1,0,0
22,0.0169080739493,0,1268,1,,0,0,0,1,0,1,0,0,0,1,0,0,0
21,0.0224465050987,0,1269,0.5,,1,0,0,1,1,0,1,0,0,1,0,0,0
55,0.097593500429,0,1270,0,,1,0.714285714286,0,1,1,0,1,0,0,0,0,1,0
5,0.0612643198943,0,1271,1,,0,0,0,1,1,0,0,0,0,0,0,0,0
25,0.0151269925665,0,1272,1,,1,0,1,0,1,0,1,0,0,1,0,0,0
26,0.0153791741716,0,1273,1,,1,0,1,0,1,0,1,0,0,1,0,0,0
25,0.0283021151244,0,1274,1,,1,0,0,1,0,0,0,1,0,1,0,0,0
19,0.0314251071381,0,1275,1,,0,0,0,1,0,0,0,1,0,0,0,0,0
28,0.0251303263605,0,1276,0.5,,1,0,0,1,1,0,1,0,0,1,0,0,0
24,0.126871550558,0,1277,0.5,,0,0,0,1,0,1,0,0,0,1,0,0,0
24,0.0151757893167,0,1278,1,,1,0,0,1,1,0,1,0,0,1,0,0,0
57,0.0253743101115,0,1279,0.5,,1,0,0,1,1,0,1,0,0,0,0,1,0
21,0.0151269925665,0,1280,1,,1,0,1,0,1,0,1,0,0,1,0,0,0
6,0.0411356604308,0,1281,1,,0,0,0,1,1,0,0,0,0,0,0,0,0
23,0.182499845802,0,1282,0,,1,0.857142857143,0,1,1,0,1,0,0,1,0,0,0
51,0.0769036783381,0,1283,0,,0,0.571428571429,0,1,0,0,0,1,0,0,0,1,0
13,0.0395253676738,0,1284,1,,0,0,0,1,1,0,0,0,0,0,0,0,0
47,0.0204946350901,0,1285,0.5,,1,0,0,1,1,0,1,0,0,0,0,1,0
29,0.042989936939,0,1286,1,,0,0,0,1,1,0,1,0,0,1,0,0,0
18,0.117112200515,0,1287,0,,0,0.714285714286,0,1,0,0,0,1,0,0,0,0,0
24,0.0141510575622,0,1288,1,,1,0,1,0,1,0,1,0,0,1,0,0,0
48,0.15458810468,0,1289,0,,0,0.857142857143,0,0,0,0,0,1,0,0,0,1,0
22,0.0151757893167,0,1290,1,,1,0,0,1,1,0,1,0,0,1,0,0,0
31,0.0150943963374,0,1291,1,,1,0,1,0,1,0,1,0,0,0,1,0,0
30,0.321798367144,0,1292,0,,1,0.714285714286,0,1,0,1,0,0,0,1,0,0,0
38,0.0409892701802,0,1293,0.5,,0,0,0,1,1,0,1,0,0,0,1,0,0
22,0.11594107851,0,1294,0,,0,0,0,0,0,1,0,0,0,1,0,0,0
17,0.0919330774041,0,1295,0,,1,0,0,1,1,0,1,0,0,0,0,0,0
43,0.0541073981339,0,1296,0,,0,0.571428571429,0,0,1,0,1,0,0,0,1,0,0
20,0.0270577979939,0,1297,0.5,,1,0.571428571429,0,0,1,0,1,0,0,1,0,0,0
23,0.0204946350901,0,1298,0.5,,0,0,0,1,1,0,1,0,0,1,0,0,0
50,0.412820506815,0,1299,0,,0,0.714285714286,0,0,1,0,1,0,0,0,0,1,0
25,0.0150699979622,0,1300,1,,1,0,1,0,0,1,0,0,0,1,0,0,0
3,0.0268870093682,0,1301,1,,0,0,0,1,0,1,0,0,0,0,0,0,0
25,0.0151269925665,0,1302,1,,1,0,1,0,0,1,0,0,0,1,0,0,0
37,0.175668300772,0,1303,0,,0,0.714285714286,1,0,0,0,0,1,0,0,1,0,0
28,0.0151757893167,0,1304,1,,1,0,0,1,0,1,0,0,0,1,0,0,0
25,0.0157125535691,0,1305,1,,1,0,0,1,1,0,1,0,0,1,0,0,0
39,0.212558643934,0,1306,0,,1,0.714285714286,0,0,0,0,0,0,1,0,1,0,0
38.5,0.0141510575622,0,1307,1,,1,0,0,1,1,0,1,0,0,0,1,0,0
25,0.0157125535691,0,1308,1,,1,0,0,1,1,0,1,0,0,1,0,0,0
25,0.0436404952128,0,1309,1,,0,0,0,0,1,0,0,0,0,1,0,0,0
